Cell ID,Cell Stage,Sphericity,Elongation,Flatness,Squareness,Entropy,Surface Volume,Convexity,Cell Volume: Embryo Volume,Surface (microns squared),Volume (microns cubed)
AB2,2,94.5091,0.457412,17.6975,59.052,97.8262,4.30893,99.5911,50.8351,68197,1582689
AB2*,2,94.9538,2.96326,13.5532,57.0804,97.5614,4.34357,99.6412,49.1649,66486,1530692
A3,4,84.636,30.1205,18.7946,47.0718,80.4122,6.05872,97.3751,25.1749,43011,709904
A3*,4,86.629,27.8863,17.6974,47.7384,82.3582,6.01722,98.9511,24.5305,41623,691731
B3,4,84.3313,35.7496,7.61996,48.0004,77.3691,6.04914,98.8011,25.4778,43459,718444
B3*,4,83.5157,36.3287,9.971,47.6721,77.5666,6.14204,98.79,24.8168,42982,699805
A4.1,8,93.5482,10.0078,5.73848,46.1822,97.7935,7.35561,98.3976,14.6052,23886,324732
A4.1*,8,92.7989,5.57612,5.6477,45.3514,98.6102,7.27717,98.5123,15.3272,24799,340784
a4.2,8,90.3638,6.21058,6.01209,43.2031,96.9938,8.47982,98.014,10.2161,19261,227145
a4.2*,8,92.0086,13.6012,0.937986,48.0551,97.1438,8.30155,99.2402,10.5027,19385,233516
B4.1,8,88.4581,13.7102,14.7559,42.7808,92.434,7.98494,97.1598,12.7686,22669,283897
B4.1*,8,89.7559,24.8073,3.25832,48.1955,93.3356,7.73687,98.0072,13.6337,23452,303131
b4.2,8,84.8605,14.8075,5.31712,39.5603,97.3266,8.71805,92.9355,10.6602,20663,237019
b4.2*,8,88.7459,15.0986,7.99682,42.8879,98.0485,8.07061,96.2285,12.2862,22046,273172
A4.1,8,87.6489,7.70967,7.92767,38.8274,97.7577,7.43672,96.1986,14.854,26619,357944
A4.1*,8,86.504,8.86199,8.20302,37.1404,98.1653,7.5567,95.5364,14.5348,26467,350253
a4.2,8,88.5498,16.1781,0.601596,43.8102,97.0151,8.26374,97.8969,10.6066,21121,255591
a4.2*,8,88.1741,14.2017,2.1259,41.358,95.9225,8.31638,97.8218,10.4953,21033,252911
B4.1,8,87.2352,17.008,3.1535,41.3302,94.797,7.65753,97.5353,13.735,25344,330980
B4.1*,8,85.0646,13.4206,14.1587,40.7246,92.5078,7.70878,96.469,14.1587,26301,341190
b4.2,8,87.2973,17.659,3.54007,43.3968,97.9074,8.4023,96.6938,10.382,21021,250181
b4.2*,8,86.6534,17.2826,6.22115,41.4586,96.8936,8.22492,95.7061,11.2334,22264,270698
A5.1,16,80.6556,10.7794,19.6616,36.9546,93.9866,12.9529,88.6957,6.41059,10362,79998
A5.1*,16,83.5083,14.0648,8.79263,39.8014,95.9968,12.4774,91.8926,6.6901,10416,83486
A5.2,16,81.4298,14.0798,2.35889,36.6438,97.9477,12.9571,90.0311,6.28312,10159,78407
A5.2*,16,85.4829,8.79182,15.0118,37.2088,95.3836,12.0097,92.4457,7.15997,10730,89350
a5.3,16,84.6035,24.166,17.0209,43.6386,90.1768,14.3563,95.4985,4.27923,7666,53401
a5.3*,16,82.1244,31.3937,15.7099,47.3322,87.7103,14.4886,94.2541,4.4182,7988,55135
a5.4,16,74.4282,4.68339,50.5162,40.2447,84.749,15.0687,93.9046,4.78148,8991,59668
a5.4*,16,76.03,0.737786,38.6367,42.669,90.2294,14.5499,90.5269,5.09002,9241,63519
B5.1,16,83.2252,13.3016,30.8062,49.9296,91.4643,10.5515,93.321,11.1381,14665,138993
B5.1*,16,80.4471,17.1581,35.5877,49.4427,89.7546,10.499,92.6689,12.1004,15853,151002
B5.2,16,87.0512,26.3645,1.96258,47.0109,87.358,14.4846,95.7403,3.93547,7113,49111
B5.2*,16,79.7157,15.9411,12.929,46.9562,95.2318,15.367,89.8058,3.9302,7536,49045
b5.3,16,81.1983,9.61559,26.0619,38.6358,92.7846,13.5901,90.3804,5.47651,11446,86772
b5.3*,16,80.7445,18.5948,25.5621,43.1477,93.637,14.0574,90.4694,5.0041,8778,62446
b5.4,16,85.1433,19.9635,17.1998,38.773,95.9055,12.5338,92.723,6.34914,9930,79231
b5.4*,16,75.3524,21.5605,12.5597,35.7005,94.4669,13.1914,85.47,6.9534,9287,68342
A5.1,16,71.309,33.806,6.31658,37.4833,85.5225,12.3364,79.5756,6.43102,14614,118467
A5.1*,16,73.8054,37.7285,1.30585,39.1658,81.5745,12.1314,80.5881,6.31279,14107,116289
A5.2,16,73.3674,23.6342,19.8405,40.5266,88.565,11.9863,83.5364,6.62316,14624,122007
A5.2*,16,72.0381,25.8831,13.9917,33.866,90.6938,12.3366,78.8884,6.3011,14319,116074
a5.3,16,83.847,18.8275,1.00833,45.9454,95.5704,12.1885,94.8436,4.82287,10828,88843
a5.3*,16,83.1982,29.1103,13.3427,50.2924,83.107,12.3295,96.8545,4.73221,10748,87173
a5.4,16,83.4609,22.2044,25.0276,44.4598,88.6202,11.4143,96.6054,5.92684,12462,109180
a5.4*,16,84.4192,25.9466,19.343,46.8407,88.5625,11.6464,96.4396,5.4535,11700,100460
B5.1,16,78.0738,22.4447,8.1624,38.7726,92.1065,10.1561,82.1352,9.61468,17988,177114
B5.1*,16,75.454,24.3336,18.9649,38.8275,87.4954,9.9392,80.7561,10.9828,20108,202317
B5.2,16,86.74,29.718,17.8559,46.2239,89.0277,12.3564,96.3711,4.32535,9845,79678
B5.2*,16,79.7761,26.4516,1.95248,35.4466,91.3111,13.0518,89.2426,4.33887,10431,79927
b5.3,16,87.8058,17.5258,9.11397,48.2553,97.6299,11.0431,95.4128,5.91313,14016,120685
b5.3*,16,87.2044,14.1523,14.4217,42.6232,88.3481,11.3269,95.081,5.55546,11591,102338
b5.4,16,78.0112,28.0933,24.6438,46.6088,89.7757,11.8162,92.2024,6.11478,13310,112642
b5.4*,16,77.3423,27.1089,21.6696,39.4986,88.0527,11.6141,89.5029,6.55142,12028,108927
A5.1,16,82.329,18.4397,28.2676,39.6478,88.0413,10.2193,91.2123,7.60086,15977,156346
A5.1*,16,82.5907,17.7333,30.8589,40.2564,89.5765,10.284,91.6382,7.41106,15677,152442
A5.2,16,82.7618,23.2344,14.4584,39.9993,93.8163,10.7187,88.5616,6.51842,14371,134081
A5.2*,16,84.5434,19.5607,14.4846,43.0924,94.8093,10.5552,91.9847,6.54135,14202,134553
a5.3,16,83.6875,15.0795,27.3736,45.0506,93.1286,11.7413,93.7845,4.85019,11713,99766
a5.3*,16,85.2261,14.2946,30.8272,45.2188,92.6149,12.1231,95.0272,4.24853,10594,87390
a5.4,16,90.4614,9.86199,6.41211,38.28,97.5277,11.1594,95.5675,4.83473,11097,99448
a5.4*,16,89.0848,17.3037,11.7349,39.5662,95.4261,11.4265,96.4101,4.64391,10914,95523
B5.1,16,84.0412,4.1165,13.5409,40.3108,97.9596,8.93001,89.8176,10.9317,20080,224859
B5.1*,16,84.6168,12.6244,7.56824,37.4529,98.6039,8.92133,90.6385,10.815,19846,222459
B5.2,16,84.3305,24.4901,15.3951,45.6347,89.1113,11.9879,95.2657,4.48774,11066,92310
B5.2*,16,85.113,21.9633,18.6716,46.1184,89.5264,11.9216,94.8563,4.47954,10984,92142
b5.3,16,89.3212,9.11173,9.25382,44.916,97.1417,11.3185,95.6125,4.75286,14188,135012
b5.3*,16,87.8285,7.04434,5.47151,43.0491,97.6448,11.0767,93.403,5.24471,11949,107881
b5.4,16,81.7409,5.91354,36.0273,45.8883,89.9326,11.0641,95.9044,6.0758,13827,124976
b5.4*,16,84.9595,10.6916,32.3379,49.948,91.3138,10.5088,96.6469,6.56369,11065,97764
a5.3,24,70.6971,11.8778,9.771,25.1487,95.9612,14.2737,74.2747,4.39217,11106,77810
a5.3*,24,70.2334,7.85133,28.156,28.0574,93.4113,14.3097,73.7677,4.41687,11197,78247
a5.4,24,85.4312,12.9536,20.9678,44.7403,93.8225,12.0447,92.8127,5.00587,10681,88682
a5.4*,24,84.0129,15.0497,30.5532,44.1983,90.7362,12.5483,91.0888,4.57772,10176,81097
A6.1,24,82.5912,1.95955,34.1633,44.776,93.9253,15.2679,94.9029,2.62961,7112,46585
A6.1*,24,77.8475,7.76411,32.0223,40.2437,91.7547,16.2029,89.626,2.47644,7108,43871
A6.2,24,94.6391,9.61964,4.33498,51.5859,97.8033,13.0322,99.4607,3.22031,7434,57049
A6.2*,24,91.0571,9.73225,2.54258,43.1325,97.9136,13.0677,97.2905,3.45041,7987,61126
A6.3,24,83.6048,23.674,4.5593,38.3495,94.4397,13.6214,92.3633,3.6138,8720,64020
A6.3*,24,79.4669,26.9151,12.0143,39.3005,92.0973,13.8691,89.1473,3.78945,9310,67132
A6.4,24,93.0271,17.207,6.14656,45.918,98.0424,12.682,98.8677,3.61671,8125,64072
A6.4*,24,92.4185,15.2487,8.53522,44.7517,96.4406,12.3103,97.7385,4.0066,8737,70979
b5.3,24,73.8427,28.6697,6.45772,31.4034,88.0171,12.6373,83.8497,5.80119,12987,102771
b5.3*,24,71.5927,20.5555,6.5571,33.3935,95.4342,13.2923,78.7771,5.30347,12488,93954
b5.4,24,84.0837,10.9288,18.7169,39.6994,93.5099,11.5455,95.7875,5.8673,12000,103942
b5.4*,24,84.8543,11.3201,15.3971,40.0984,94.4035,11.1198,93.9193,6.44844,12703,114238
B6.1,24,81.2534,14.4132,27.6648,36.387,91.1285,12.8847,91.2161,4.52053,10318,80084
B6.1*,24,76.9897,19.0684,27.8732,37.3954,88.3163,13.1141,87.6074,4.77546,11094,84600
B6.2,24,82.7349,9.90263,17.45,42.2123,98.5664,11.8971,90.5546,5.53853,11673,98118
B6.2*,24,83.9106,8.3972,3.87667,40.5304,98.8055,11.4411,91.2295,6.05429,12271,107255
B6.3,24,79.3122,26.1873,33.0062,54.9371,85.575,19.2879,92.9225,1.41437,4832,25056
B6.3*,24,85.8114,25.4101,30.2675,53.58,82.7234,18.2238,98.3398,1.43249,4624,25377
B6.4,24,91.3528,11.7857,26.0053,47.4204,94.6546,12.4517,97.2596,3.96246,8740,70197
B6.4*,24,92.3296,6.84131,25.813,49.5467,95.6103,12.6659,98.2823,3.68553,8269,65291
A6.1,32,61.3623,3.39714,31.7417,24.891,93.189,18.5352,64.1756,2.8864,8742,47168
A6.1*,32,63.7931,5.07194,27.8299,27.3688,94.9494,17.4056,67.8596,3.22507,9173,52703
A6.2,32,72.2767,10.1099,11.5532,32.1824,94.9651,16.5001,83.4441,2.94913,7952,48194
A6.2*,32,68.8594,13.3944,2.53428,29.6896,94.1963,17.124,78.1687,2.90677,8134,47501
A6.3,32,62.3391,14.8125,12.1111,23.2175,92.823,17.802,65.5531,3.15664,9183,51585
A6.3*,32,65.3185,19.3567,8.1522,26.6346,91.8447,17.1878,70.5168,3.19461,8973,52205
A6.4,32,72.8369,6.52983,13.3239,34.5645,93.7763,16.2727,84.5925,3.02743,8050,49473
A6.4*,32,76.5615,17.6334,15.1204,39.6135,92.2849,15.6639,89.0332,3.07207,7863,50203
a6.5,32,82.8057,15.7301,8.71485,35.677,97.4338,17.1207,95.6793,2.01127,5627,32867
a6.5*,32,83.256,11.8072,11.6684,35.9934,98.73,16.771,95.273,2.11662,5800,34589
a6.6,32,72.4779,25.2342,27.2981,35.8906,88.5925,17.0569,90.0783,2.65487,7400,43385
a6.6*,32,72.7775,28.165,25.914,35.8266,88.1009,16.5659,89.8286,2.87415,7780,46968
a6.7,32,81.1361,14.0675,20.2959,34.678,97.4366,16.7695,94.2893,2.22926,6109,36430
a6.7*,32,80.49,20.0446,13.1896,33.9063,97.5403,16.4969,92.2066,2.37935,6414,38882
a6.8,32,75.435,30.9562,24.2542,41.5826,87.4553,15.4085,93.1187,3.32447,8037,54952
a6.8*,32,74.5311,33.8773,21.8491,40.533,85.3599,15.5054,92.3277,3.34219,8468,54617
B6.1,32,52.4322,10.9557,7.30429,19.4488,96.355,18.155,59.9178,4.20692,12481,68748
B6.1*,32,53.9196,7.796,12.708,21.17,96.1001,17.8139,60.5445,4.21095,12258,68814
B6.2,32,77.1702,22.0249,18.8564,35.1107,94.7436,12.7176,86.9776,5.64989,11742,92329
B6.2*,32,75.7,17.8982,24.3781,36.7113,95.092,12.8087,86.2104,5.74711,12029,93918
B6.3,32,72.2366,26.3227,37.3581,40.8456,86.4351,24.3953,91.1372,0.913523,3641,14928
B6.3*,32,76.7107,29.9138,37.1508,41.7093,87.3183,24.4459,97.1739,0.805053,3216,13156
B6.4,32,78.3191,29.6506,17.435,36.1087,90.2451,15.2836,90.0745,3.16037,7893,51646
B6.4*,32,79.6278,25.5985,17.6404,36.7623,92.299,14.9028,92.1763,3.29778,8031,53891
b6.5,32,81.3685,22.6011,4.31327,39.2184,95.27,15.5673,94.246,2.77076,7048,45279
b6.5*,32,80.5258,18.8717,3.66569,34.7031,95.3223,15.3721,93.0668,2.93822,7381,48015
b6.6,32,74.7741,9.86842,15.8668,27.811,94.9758,15.5351,87.3325,3.30149,8381,53952
b6.6*,32,73.1831,7.67353,13.4373,27.8761,96.3843,15.8557,84.1543,3.2417,8399,52975
b6.7,32,81.0155,20.4436,21.1868,40.7566,95.1383,14.5564,95.1581,3.41863,8132,55866
b6.7*,32,81.0968,18.1937,20.9564,39.4032,96.3311,14.6269,94.7534,3.36267,8371,54327
b6.8,32,69.9634,20.3627,13.5814,29.5862,87.5664,15.3901,85.6672,3.8787,9754,63384
b6.8*,32,70.9744,26.8044,15.5377,32.5766,87.138,15.4216,85.5887,3.74594,9440,61215
A6.1,32,78.1979,19.6829,25.8696,46.892,92.3279,14.1752,90.5317,3.7091,9204,64934
A6.1*,32,78.7721,22.0326,25.7191,45.8719,92.6639,14.5558,92.0307,3.37592,8602,59101
A6.2,32,62.0282,24.4476,18.3719,36.7605,90.9025,17.8253,70.2447,2.9645,9251,51899
A6.2*,32,61.1911,20.4318,22.8971,38.0168,90.7564,18.208,71.2301,2.85814,9110,50037
A6.3,32,62.6568,18.9824,27.976,30.5852,91.2503,17.6738,70.819,2.98069,9222,52182
A6.3*,32,63.6595,18.1975,27.4719,28.0058,93.2242,16.8119,71.4713,3.35477,9873,58731
A6.4,32,72.2179,24.1571,22.8994,35.4197,80.4057,15.5769,80.5027,3.27724,8937,57374
A6.4*,32,71.6994,25.5537,34.2559,36.9217,78.3115,15.6734,84.7334,3.26377,8955,57138
a6.5,32,69.4667,31.3473,36.2261,48.3976,82.9375,18.1756,88.9255,2.2296,7094,39033
a6.5*,32,73.6522,30.2402,27.6513,49.274,86.7765,17.4161,89.7357,2.25435,6873,39466
a6.6,32,62.4073,55.6478,3.89803,37.4753,59.9462,18.031,78.7003,2.82951,8931,49535
a6.6*,32,64.3717,55.9542,0.992686,41.2117,62.9575,17.6094,80.8801,2.85508,8801,49983
a6.7,32,66.1468,46.9525,32.1776,39.5604,63.2932,18.865,87.8087,2.19916,7263,38500
a6.7*,32,63.7794,50.5358,21.601,37.9689,57.7712,18.2793,80.8367,2.6002,8320,45521
a6.8,32,67.9373,57.9023,2.7352,37.8737,56.0281,16.4542,89.4939,3.14194,9024,55897
a6.8*,32,66.3738,52.6024,20.6144,36.4318,58.9951,17.133,86.7025,2.91576,8745,51045
B6.1,32,70.1007,3.12951,41.118,35.4936,90.2859,14.4776,84.4319,4.33218,10980,75843
B6.1*,32,72.3631,12.0198,26.8135,40.0116,92.755,13.9284,85.8388,4.56569,11133,79930
B6.2,32,83.155,25.6788,16.2131,48.2241,84.0163,11.3559,93.1038,6.37981,12683,111690
B6.2*,32,79.8964,27.8454,17.4515,39.3413,86.7392,12.263,91.1969,5.48787,11781,96075
B6.3,32,73.775,42.4894,19.3803,44.1969,75.9306,21.0057,90.0733,1.2806,4709,22419
B6.3*,32,74.2449,41.422,25.7335,42.9475,73.5204,22.9288,91.784,0.972219,3902,17020
B6.4,32,66.764,29.8938,8.14756,30.8302,86.9415,16.3987,73.4153,3.28646,9435,57535
B6.4*,32,65.2288,29.8526,5.5692,32.7068,88.7448,17.3995,72.9202,2.88242,8780,50462
b6.5,32,70.5491,46.5592,7.64163,42.5147,72.8967,16.9743,83.2971,2.65388,7886,46461
b6.5*,32,68.6607,44.3985,18.45,41.1802,74.739,17.3435,85.672,2.62675,7975,45986
b6.6,32,67.0741,44.4668,27.1521,35.1277,58.6551,17.1494,84.4196,2.84698,8547,49841
b6.6*,32,65.4997,43.8713,27.2858,31.5487,60.9549,17.2822,82.5796,2.91721,8826,51071
b6.7,32,68.0114,37.9408,30.6293,37.716,74.7399,16.4353,90.3372,3.14592,9051,55075
b6.7*,32,69.3422,34.5501,32.9218,40.7686,72.3875,16.1444,90.7937,3.1929,9050,55005
b6.8,32,62.747,54.793,12.795,37.7894,51.9827,17.1109,80.2987,3.27523,9811,57339
b6.8*,32,61.6617,59.3418,14.1848,42.5783,52.431,17.1913,78.7351,3.34416,10064,58545
A6.1,32,82.9224,16.2293,11.6741,37.8178,97.0873,13.6153,87.5452,3.90878,8872,65166
A6.1*,32,85.211,21.1372,12.6431,44.0959,96.1727,13.7808,91.0093,3.56984,8201,59515
A6.2,32,78.2436,24.8213,12.4208,49.0454,95.9249,14.7717,86.6587,3.4378,8466,57314
A6.2*,32,78.1748,27.5275,8.39359,43.3535,93.1622,14.9712,85.3093,3.30799,8256,55150
A6.3,32,69.4228,20.5805,22.9697,34.7324,93.005,15.7485,76.2765,3.6037,9461,60080
A6.3*,32,73.291,23.3046,13.4494,36.386,93.3478,15.4864,79.2378,3.40028,8779,56689
A6.4,32,80.5816,8.13478,22.9082,37.2315,96.1449,13.5901,86.6991,4.16224,9430,69392
A6.4*,32,78.8886,12.6809,14.2472,35.7112,95.1327,14.243,83.7776,3.77256,8958,62895
a6.5,32,79.8826,18.6364,36.3004,50.8284,91.1907,17.7939,94.1326,1.88691,5597,31458
a6.5*,32,80.4583,19.6613,30.5727,50.9816,93.0211,17.8993,93.7076,1.82733,5453,30465
a6.6,32,72.5953,42.5548,29.2007,44.7484,72.3997,17.0375,89.1606,2.60275,7393,43392
a6.6*,32,70.9298,43.6143,23.031,39.2245,71.9584,17.5954,88.1002,2.4752,7260,41266
a6.7,32,85.9458,21.4913,21.173,43.0611,93.6794,16.9121,95.3938,1.89856,5353,31652
a6.7*,32,84.9353,10.5602,30.719,43.9326,92.9857,17.5757,95.7075,1.73202,5075,28876
a6.8,32,72.0339,47.6726,18.5746,41.8139,66.246,16.9461,84.9815,2.68647,7091,45321
a6.8*,32,73.2651,45.7858,19.9883,40.2094,68.8628,16.4039,86.3741,2.86306,7830,47732
B6.1,32,70.8465,11.4799,31.5449,31.9824,91.2976,15.3389,77.1805,3.74498,9576,62435
B6.1*,32,74.8137,4.33736,32.5891,34.4771,92.6763,14.2376,83.1759,4.19947,9968,70013
B6.2,32,87.8392,14.8157,8.87873,44.8578,97.235,11.2543,93.8508,6.16782,11572,102829
B6.2*,32,83.3565,3.00981,16.4693,37.5766,97.228,11.8475,89.3149,5.87096,11596,97879
B6.3,32,62.8538,28.3358,52.9595,39.8572,76.0347,28.8603,90.2773,0.714335,3437,11909
B6.3*,32,67.3536,31.6526,46.2752,45.9656,78.8786,25.7544,92.3182,0.875376,3758,14594
B6.4,32,75.3755,13.6247,14.6306,40.8685,94.4464,14.4944,80.8437,3.92106,9475,65371
B6.4*,32,75.5809,22.0562,1.18493,45.0657,94.4207,15.0355,81.4209,3.49376,8757,58247
b6.5,32,86.3208,27.8542,13.0396,57.2177,92.1828,14.2797,95.5455,3.12663,7443,52126
b6.5*,32,83.3711,32.863,10.6106,57.1595,91.114,15.2294,93.3967,2.76303,7015,46064
b6.6,32,80.3644,26.4523,24.1627,40.4636,86.676,15.2415,93.8617,2.96657,7538,49458
b6.6*,32,79.7299,27.3846,16.8063,36.5971,86.7852,15.8299,93.3008,2.69023,7099,44851
b6.7,32,80.2128,40.3228,15.4763,48.4981,88.0335,15.1536,93.1385,3.02993,7654,50514
b6.7*,32,80.7043,32.4257,21.3916,43.4588,87.4302,15.6477,94.1447,2.71845,7589,44788
b6.8,32,72.0099,49.2907,12.7093,42.8454,66.0586,15.6364,83.8353,3.42196,8920,57050
b6.8*,32,71.8454,50.9814,16.0062,44.0477,68.4601,16.0816,86.7403,3.15994,8472,52682
a6.5,44,72.8189,12.6939,40.6433,39.6182,90.2696,17.6098,84.4131,1.67127,6877,39057
a6.5*,44,78.6284,16.8458,34.3512,42.0387,90.6744,16.5096,90.1284,1.73949,6711,40651
a6.6,44,78.0391,42.6125,6.16872,36.983,75.4992,14.2473,90.8189,2.74773,9148,64214
a6.6*,44,72.5932,40.568,18.4231,38.9115,74.416,14.8444,84.2905,2.80748,9739,65610
a6.7,44,77.8497,13.5837,15.1582,32.5526,90.9546,14.4014,87.4903,2.67345,8997,62478
a6.7*,44,79.3376,12.4357,8.50357,34.047,94.1661,14.9667,86.9863,2.2933,8021,53594
a6.8,44,81.6952,27.1898,7.14436,34.8502,85.8225,13.2626,94.4542,3.10827,9633,72640
a6.8*,44,77.3735,35.6068,12.0316,41.3131,79.7647,13.546,89.0751,3.25218,10295,76003
A7.1,44,76.2652,35.6037,15.8425,37.0255,77.6184,18.1805,91.6477,1.3846,5882,32358
A7.1*,44,74.7388,36.6604,4.63604,35.5176,80.9471,18.0382,87.8159,1.47613,6222,34496
A7.2,44,83.1333,23.6036,14.1598,41.0229,90.438,15.8694,95.2362,1.75213,6498,40947
A7.2*,44,86.0698,28.1507,11.9921,39.4941,90.7401,14.724,96.0878,2.04651,7042,47826
A7.3,44,78.312,16.5727,23.9315,42.1093,92.8297,17.7725,88.8332,1.40571,5838,32851
A7.3*,44,78.3387,16.7034,30.9333,44.4487,91.5492,17.4198,89.776,1.4918,6073,34863
A7.4,44,81.2691,12.9421,28.8773,40.2212,93.6558,17.968,92.4444,1.26312,5303,29519
A7.4*,44,82.7292,14.0662,20.2447,44.7478,95.2001,17.45,94.0085,1.33073,5426,31099
A7.5,44,81.1303,22.9576,21.0336,38.7687,87.2703,16.4252,91.8719,1.6592,6368,38775
A7.5*,44,77.8192,25.384,30.5842,43.8782,87.4777,16.435,88.4771,1.80016,6914,42069
A7.6,44,89.1627,8.99601,21.1599,43.2907,96.0401,15.5143,97.4116,1.63018,5910,38097
A7.6*,44,84.1894,3.92257,14.7898,39.4432,96.8067,15.3619,93.9221,1.88341,6761,44015
A7.7,44,88.2296,13.1132,20.8187,51.1527,94.9778,15.9484,95.6638,1.53255,5712,35815
A7.7*,44,83.872,21.0502,27.5351,47.0571,90.6038,16.777,94.8492,1.45687,5712,34046
A7.8,44,89.2748,11.6352,22.6772,40.1427,94.2215,15.4035,96.8843,1.66142,5980,38827
A7.8*,44,90.313,11.1361,23.4665,40.9185,96.0285,15.1318,97.282,1.71247,6055,40020
B6.3,44,85.8065,14.0098,31.1326,52.6601,94.2394,19.1272,96.5498,0.939293,4198,21951
B6.3*,44,85.8681,17.5348,36.5443,55.0908,91.2241,18.7371,97.8798,0.997758,4369,23317
B6.4,44,83.6488,25.2409,0.691062,38.1652,94.0415,12.8893,91.2014,3.22986,9729,75481
B6.4*,44,85.1398,16.2517,2.52513,40.2595,96.9158,12.6528,92.6198,3.29586,9745,77023
b6.5,44,77.7824,18.7455,14.3686,36.9162,92.844,14.61,84.4231,2.56499,8757,59943
b6.5*,44,85.5758,12.0111,14.5514,38.3441,95.1399,12.6995,95.3877,3.22654,9575,75403
b6.6,44,75.9218,15.701,16.0044,30.0115,91.0613,14.4583,84.2077,2.77787,9386,64918
b6.6*,44,78.8284,21.0048,16.7507,34.4328,91.8893,14.5232,86.5692,2.54237,8628,59414
b6.7,44,83.207,6.01084,21.5658,40.9177,95.6553,13.5287,92.6943,2.82296,8925,65972
b6.7*,44,83.5038,2.31494,26.9033,43.5703,95.7318,13.1163,93.3648,3.07571,9427,71879
b6.8,44,83.8799,38.9144,2.60726,49.7468,84.1764,12.5976,93.6511,3.44044,10128,80402
b6.8*,44,83.6612,36.4864,9.29753,46.9284,86.3559,12.8741,94.5649,3.24041,9749,75728
B7.1,44,76.7443,34.4276,23.2001,48.9923,80.5573,16.9026,88.2554,1.70154,6721,39764
B7.1*,44,79.031,25.163,28.9165,47.1383,84.8306,15.4389,90.6921,2.10547,7596,49204
B7.2,44,84.6668,17.9976,8.56166,41.6506,94.5267,14.6986,94.8927,2.12588,7302,49681
B7.2*,44,83.8182,15.5544,23.0981,40.6502,91.7654,14.525,93.1949,2.24787,7630,52532
B7.3,44,80.8446,6.28594,40.9133,50.4035,91.4085,14.1845,93.2387,2.59447,8600,60632
B7.3*,44,80.4862,19.4364,25.0273,46.8445,91.0035,13.5325,92.0317,3.01455,9533,70449
B7.4,44,91.5921,21.9949,4.75429,47.8137,95.8374,11.2995,97.7091,3.9985,10558,93444
B7.4*,44,90.9919,10.1839,6.45554,44.3132,97.4378,11.0969,97.4515,4.27749,11092,99964
a6.5,44,74.7389,14.2416,33.2766,40.7724,92.3429,17.0511,85.2071,2.08692,6963,40841
a6.5*,44,70.123,11.6811,31.6615,36.0251,92.5948,18.2405,79.8064,1.93652,6912,37898
a6.6,44,67.688,44.7116,14.0317,32.6869,71.6286,17.0618,76.6618,2.53953,8479,49699
a6.6*,44,66.1156,44.0693,8.28674,31.0534,68.4712,16.7777,72.7382,2.79927,9191,54782
a6.7,44,71.8613,24.2396,15.8423,26.0742,86.896,16.784,79.2644,2.3669,7774,46321
a6.7*,44,75.7035,21.9332,18.8262,27.9476,87.3699,16.5893,86.6105,2.20871,7170,43225
a6.8,44,76.3017,37.6179,3.65345,38.6688,85.209,14.8723,89.8162,3.01754,8782,59054
a6.8*,44,74.4245,34.0207,0.864041,33.0697,84.5853,15.1657,90.2666,2.9911,8877,58537
A7.1,44,74.752,39.0232,8.26587,32.0809,81.2511,19.5167,86.18,1.39119,5313,27226
A7.1*,44,82.3892,35.3743,14.5782,38.5168,83.0335,17.2895,97.442,1.64727,5573,32237
A7.2,44,88.6319,22.5674,14.1838,40.5924,93.2344,16.5337,98.6962,1.62765,5266,31853
A7.2*,44,83.3102,18.3803,17.5562,39.8575,94.2454,17.9912,94.2643,1.42981,5034,27981
A7.3,44,73.7507,11.5394,31.2403,34.0563,89.9945,18.5736,81.992,1.65818,6027,32451
A7.3*,44,73.1219,19.9352,35.5702,42.6867,86.1624,19.8532,87.0849,1.38124,5366,27031
A7.4,44,86.3601,4.64137,26.0598,36.3178,96.7565,16.6007,96.1683,1.69375,5502,33147
A7.4*,44,87.2312,15.376,16.4239,37.3751,96.5014,16.4139,96.0796,1.71741,5516,33610
A7.5,44,73.8987,32.8322,21.6682,32.434,80.9899,19.3758,85.5582,1.45479,5516,28470
A7.5*,44,72.027,32.3435,22.5029,35.9393,79.5628,19.6175,80.1844,1.47548,5664,28875
A7.6,44,87.2022,18.8234,14.4055,39.4827,96.0173,16.3282,93.9008,1.74574,5578,34164
A7.6*,44,91.6708,10.7674,9.60931,44.705,98.4155,15.4145,97.4188,1.87761,5664,36745
A7.7,44,85.1678,18.5435,26.3104,50.0288,90.9916,17.6287,94.2644,1.45425,5017,28460
A7.7*,44,78.2067,26.8669,21.7811,42.5629,86.6657,18.6583,87.448,1.45461,5311,28467
A7.8,44,86.2531,20.0853,17.7643,38.5232,92.9168,16.7609,95.0276,1.64974,5411,32285
A7.8*,44,84.9387,15.3103,18.7829,44.3941,94.7614,15.7313,94.8507,2.05752,6334,40266
B6.3,44,80.9893,29.5502,35.9643,53.2611,86.6676,20.1077,95.1899,1.08371,4264,21208
B6.3*,44,83.4017,22.0772,39.8602,56.6727,87.907,20.2287,97.0405,1.0037,3973,19642
B6.4,44,84.7292,16.4032,12.3638,41.7941,95.2903,13.1338,91.9732,3.55318,9132,69537
B6.4*,44,84.6848,16.6597,3.52334,41.7921,95.0926,13.2827,91.8519,3.43864,8938,67295
b6.5,44,76.59,1.63637,29.7233,35.1632,94.8793,15.2237,84.1396,2.79223,8318,54644
b6.5*,44,80.4099,3.70536,26.7347,37.2171,96.0285,14.4159,87.0482,2.98338,8416,58385
b6.6,44,74.0977,28.759,9.12979,28.6364,87.7453,16.4129,82.3653,2.38062,7646,46589
b6.6*,44,72.2604,22.2973,10.5927,26.9438,88.9142,17.1304,78.393,2.20166,7381,43087
b6.7,44,73.3749,6.18618,34.8711,38.0828,91.8546,16.7697,86.7261,2.27605,7469,44543
b6.7*,44,76.3707,3.36665,35.1419,38.4187,93.226,15.011,89.6109,2.92933,8605,57328
b6.8,44,71.9371,38.8771,1.12178,34.3472,83.4417,14.3118,82.0216,3.80947,10669,74552
b6.8*,44,71.1062,40.2635,5.17047,32.3306,84.3765,14.2568,81.6521,3.94428,11005,77191
B7.1,44,76.7002,33.0489,20.3149,49.1146,80.943,17.7352,89.4721,1.76096,6112,34462
B7.1*,44,76.6983,23.877,30.9036,45.918,80.7328,17.9754,91.132,1.6914,5950,33101
B7.2,44,77.8519,8.29448,24.9972,30.0366,95.0543,16.3891,86.8539,2.16594,6947,42388
B7.2*,44,78.6522,11.0983,27.8435,36.8195,91.2513,16.4391,84.8758,2.1028,6765,41152
B7.3,44,84.561,16.7405,30.1468,49.2814,90.6007,14.2371,94.0417,2.80056,7803,54808
B7.3*,44,82.3588,22.2649,28.9329,50.0749,87.4449,14.9207,94.4841,2.56488,7489,50195
B7.4,44,87.5048,22.21,12.3983,44.3293,95.0788,12.1964,94.8834,4.16002,9929,81413
B7.4*,44,85.3181,21.2962,10.7914,42.4165,92.2703,11.9141,92.8258,4.69448,10945,91872
A7.1,64,49.1219,56.5305,12.7081,24.0808,45.4468,25.5236,59.1202,2.13795,7194,28188
A7.1*,64,7.89249,53.6362,27.0904,3.67596,44.6737,156.048,8.78367,0.362387,7456,4778
a7.10,64,19.3041,44.1117,14.3202,10.9794,73.0609,79.3373,23.6337,0.460938,4821,6077
a7.10*,64,37.223,39.1603,6.58475,19.4091,79.2473,43.1462,46.1238,0.770764,4384,10162
a7.11,64,87.7152,3.80965,32.394,45.9198,88.456,16.1547,104.093,2.6444,5632,34866
a7.11*,64,92.8956,14.7067,20.2736,46.7746,94.2936,15.9251,109.708,2.46114,5167,32450
a7.12,64,77.1608,2.85167,26.1258,31.476,90.8456,16.8658,92.4904,3.00304,6678,39595
a7.12*,64,63.6058,1.24125,29.9132,33.8522,94.0307,20.3171,73.9118,2.52809,6772,33332
a7.13,64,91.9167,34.4871,15.0907,50.1881,81.1138,17.272,111.863,1.97042,4487,25979
a7.13*,64,104.541,30.8527,22.5149,54.2152,85.9037,15.3167,123.725,2.18426,4411,28799
a7.14,64,85.6898,9.63859,28.0703,40.1946,92.7658,17.1999,100.936,2.29582,5206,30270
a7.14*,64,84.3002,26.5806,4.30164,48.6095,94.489,16.9963,96.4304,2.4584,5509,32413
a7.15,64,105.512,8.29552,26.1359,42.6202,94.7668,13.6443,128.364,3.03335,5456,39994
a7.15*,64,89.4695,15.2748,13.9445,41.178,96.3537,15.7316,102.596,2.75233,5708,36289
a7.16,64,77.8039,19.4564,4.9171,30.8226,84.6125,17.3127,94.4185,2.73072,6233,36004
a7.16*,64,75.1407,19.9465,15.3712,34.5604,90.6607,18.0613,87.9896,2.57852,6140,33997
A7.2,64,45.843,58.7413,17.1598,32.133,45.6521,28.3265,65.0332,1.79575,6706,23676
A7.2*,64,11.687,59.1783,14.8667,7.72247,45.8064,105.879,15.4508,0.529088,7386,6976
A7.3,64,14.5252,64.0617,9.15463,9.35445,45.5892,92.9393,18.1614,0.506442,6205,6677
A7.3*,64,33.747,59.5538,11.0691,20.1472,48.9195,37.7221,38.2281,1.40319,6978,18501
A7.4,64,17.1621,33.6445,17.0019,10.1989,80.7754,82.7973,20.9059,0.513077,5601,6764
A7.4*,64,39.8025,17.1841,32.4906,23.1226,83.0824,35.3082,48.3072,1.23006,5726,16218
A7.5,64,22.5428,60.9877,4.54195,11.7602,43.6299,58.0435,25.0485,0.863167,6605,11380
A7.5*,64,6.26845,55.5255,18.8847,3.01625,49.7906,213.305,7.24618,0.22493,6326,2965
A7.6,64,23.1948,43.3859,3.43485,12.3426,78.6498,62.6813,27.3769,0.647407,5350,8536
A7.6*,64,23.1614,29.9067,23.1393,12.6712,90.2887,60.4739,26.9408,0.722998,5764,9532
A7.7,64,21.2486,52.3113,22.8115,11.4387,49.8151,66.3219,22.83,0.65124,5694,8586
A7.7*,64,9.42526,53.6774,16.7462,5.13653,55.9275,142.849,10.8588,0.331246,6238,4367
A7.8,64,15.4339,23.9177,33.3209,7.20804,87.4333,88.7305,18.3488,0.515469,6030,6796
A7.8*,64,31.7858,22.1704,31.0991,13.3081,85.5191,41.3678,38.4763,1.19927,6541,15812
a7.9,64,4.72742,44.4978,11.3847,2.4682,70.1522,319.927,5.65192,0.117212,4944,1545
a7.9*,64,21.4426,37.9425,6.06489,10.2275,79.9608,73.8714,25.8413,0.462796,4507,6101
B7.1,64,52.6104,52.4997,18.134,24.3419,52.617,25.4142,61.2955,1.88798,6326,24893
B7.1*,64,42.7065,42.1994,17.5023,17.6797,66.4784,30.3736,45.7396,1.67839,6721,22129
b7.10,64,127.877,28.6586,2.35228,60.2737,90.6137,11.8141,140.246,3.18117,4955,41943
b7.10*,64,13.6289,37.2285,33.2435,7.47909,74.475,98.7336,15.9994,0.479793,6245,6326
b7.11,64,27.4093,24.9647,28.753,13.9297,88.5826,54.042,32.7152,0.723405,5154,9538
b7.11*,64,78.0445,19.8774,22.0632,39.8092,91.6448,19.2852,92.0118,1.96341,4992,25887
b7.12,64,30.9109,33.2168,16.9955,15.9848,82.7549,42.6852,34.9891,1.15429,6496,15219
b7.12*,64,75.1926,22.4236,15.533,34.3388,94.0624,18.7142,85.8928,2.31476,5711,30520
b7.13,64,91.9096,20.6822,29.5665,44.9276,89.0667,16.3279,107.632,2.33272,5021,30756
b7.13*,64,111.556,32.2234,5.2512,40.9179,91.3825,13.0678,131.182,3.08875,5321,40725
b7.14,64,72.8041,23.0894,6.19885,29.3174,92.3353,17.9835,84.2005,2.78251,6597,36687
b7.14*,64,60.4846,24.2767,12.8945,25.966,96.1391,21.0949,70.3334,2.49774,6947,32932
b7.15,64,74.937,6.58692,6.98629,33.8392,99.0342,18.5587,85.798,2.38965,5847,31507
b7.15*,64,87.126,14.7267,4.49344,37.2147,97.7421,15.518,100.718,3.02394,6187,39870
b7.16,64,47.8221,9.98149,16.9157,20.475,89.5249,25.702,55.6416,2.2091,7486,29127
b7.16*,64,10.243,27.4245,18.0717,6.876,82.1312,117.668,11.8815,0.501815,7785,6616
B7.2,64,24.363,33.6003,25.7904,11.742,75.9375,50.6638,27.0874,1.11126,7423,14652
B7.2*,64,46.4445,30.9677,46.0278,27.9199,75.6661,27.8078,59.8883,1.84928,6780,24382
B7.3,64,18.9813,43.7337,17.7644,10.0993,69.2892,59.621,20.8482,1.12337,8830,14811
B7.3*,64,1.80129,50.4751,14.425,1.00721,63.923,640.286,1.91375,0.100713,8502,1327
B7.4,64,37.82,28.8674,3.42624,17.9246,90.3773,29.2892,43.7001,2.38674,9217,31469
B7.4*,64,18.9934,28.8282,14.5677,9.26026,90.9954,58.2385,21.1616,1.20376,9243,15871
B7.5,64,63.882,12.3167,1.60456,35.077,98.1112,27.725,69.0502,0.986276,3605,13004
B7.5*,64,72.3492,4.30768,18.6947,36.8614,94.1798,24.8893,79.6743,1.06284,3487,14013
B7.6,64,11.0959,16.8936,29.863,5.7472,86.9257,347.664,13.6357,0.0165793,759,218
B7.6*,64,78.1729,36.8218,10.2956,37.721,87.5751,43.0191,92.9377,0.176309,1000,2324
B7.7,64,57.5048,24.3585,6.2977,23.9194,89.1194,24.0593,66.2821,1.86257,5908,24558
B7.7*,64,53.107,36.7504,0.670487,22.7976,86.2082,25.7322,60.1884,1.785,6056,23535
B7.8,64,88.428,12.8613,19.1977,43.6211,96.1798,16.1891,101.234,2.58537,5518,34088
B7.8*,64,93.5605,15.3432,15.8857,43.4676,95.1963,15.2621,108.608,2.75642,5546,36343
b7.9,64,62.7532,32.4326,9.54272,32.2196,89.6036,23.0997,74.2376,1.76719,5382,23300
b7.9*,64,29.2596,10.4409,8.82213,14.1193,96.9693,47.5649,33.1812,0.93105,5839,12275
A7.1,76,59.2115,68.7166,6.69983,47.1384,38.5215,19.5773,82.7893,1.59121,8416,42991
A7.1*,76,58.3783,59.7699,3.58253,27.9761,49.5344,19.5651,72.8933,1.64001,8669,44310
a7.10,76,76.4018,45.1783,0.554216,42.1236,82.1483,19.9857,92.6118,0.898318,4850,24270
a7.10*,76,76.4188,46.2594,0.680423,44.226,78.6728,18.2657,91.0196,1.17621,5804,31779
a7.11,76,80.8301,12.9512,21.8316,43.9643,94.5557,16.9864,91.7059,1.3072,5999,35318
a7.11*,76,79.4701,10.3174,20.8569,41.9224,94.9918,16.5529,89.8891,1.46139,6535,39484
a7.12,76,84.2664,5.66218,6.53084,36.9046,99.159,14.918,93.2916,1.77563,7156,47974
a7.12*,76,85.7609,0.48607,11.5681,38.0574,98.4747,14.0777,95.6566,2.03995,7759,55115
a7.13,76,70.3512,46.8975,27.3515,39.0376,65.6574,21.7076,89.2167,0.826835,4849,22339
a7.13*,76,74.0966,38.8266,14.391,32.741,87.3048,20.3562,86.9711,0.903879,4971,24421
a7.14,76,85.1097,3.80694,14.4744,42.7865,97.3855,16.1969,93.2449,1.36001,5951,36745
a7.14*,76,84.423,3.08973,20.4637,40.0949,96.0411,15.8145,93.505,1.48494,6344,40120
a7.15,76,83.8937,10.2706,10.2533,38.2911,96.8958,16.6551,95.741,1.28735,5792,34781
a7.15*,76,84.5613,11.9837,16.0453,38.5626,96.881,15.5877,96.129,1.54564,6509,41760
a7.16,76,83.4977,5.61566,15.3911,33.7047,98.4715,16.1293,95.0127,1.43087,6235,38659
a7.16*,76,82.3595,12.9101,11.9279,40.4891,98.3225,15.5708,93.6394,1.63468,6877,44166
A7.2,76,63.202,48.769,16.485,33.0691,65.4699,17.0783,74.8538,2.10378,9707,56840
A7.2*,76,65.0768,55.8111,6.09261,37.6932,60.4841,17.1809,80.0702,1.94896,9047,52657
A7.5,76,60.5424,47.5764,24.0937,32.8425,60.715,18.173,67.6154,1.9028,9342,51410
A7.5*,76,67.0158,54.2504,15.6012,41.7778,56.4428,16.8954,83.5674,1.93255,8821,52214
A7.6,76,77.1371,47.9505,8.52723,45.938,66.4214,16.9275,94.9371,1.4504,6633,39187
A7.6*,76,77.7749,41.0351,14.9715,45.5181,74.7121,16.1035,92.9803,1.65711,7209,44772
a7.9,76,72.8029,41.8332,7.34963,38.6513,74.9065,19.6055,86.7641,1.04801,5551,28315
a7.9*,76,81.2859,16.2732,26.8282,33.0476,94.0324,18.8363,92.5812,0.947936,4824,25611
A8.13,76,60.3555,56.9156,37.3716,42.2622,42.9545,24.7414,84.3389,0.75873,5071,20499
A8.13*,76,61.9262,66.3729,11.0527,49.3317,45.7495,26.4655,82.8551,0.588853,4210,15909
A8.14,76,64.7299,57.2273,18.8192,44.4809,50.6557,21.5582,87.6717,0.997122,5807,26940
A8.14*,76,65.1073,53.2679,22.9577,39.4299,54.5801,21.9227,84.0555,0.937242,5551,25322
A8.15,76,66.4138,56.1096,10.9716,42.5224,56.7606,22.6258,83.6393,0.819344,5008,22137
A8.15*,76,69.0218,39.7255,21.1877,35.4898,76.7355,22.1763,79.0801,0.805666,4827,21767
A8.16,76,78.9764,39.3488,12.7443,46.4623,78.8033,19.5125,94.8211,0.903355,4762,24407
A8.16*,76,74.5904,42.345,9.84094,44.9158,76.6357,20.2013,86.529,0.912625,4981,24657
A8.5,76,60.301,54.5468,46.5598,46.7825,51.4445,24.4658,86.6485,0.78608,5196,21238
A8.5*,76,59.6066,56.5474,39.5688,50.2617,52.8182,23.5572,84.5399,0.901225,5736,24349
A8.6,76,60.7578,58.9487,36.0011,45.1244,43.7694,24.6336,86.1712,0.758591,5048,20495
A8.6*,76,66.6576,48.0102,30.6255,38.372,60.7309,22.5374,90.3901,0.822968,5011,22235
A8.7,76,77.3234,37.1083,7.89799,38.1769,77.9382,19.676,94.3517,0.919102,4886,24832
A8.7*,76,73.5826,30.732,27.2435,38.0666,80.8296,21.6125,89.4238,0.765823,4471,20691
A8.8,76,73.6204,44.8452,7.28316,40.1346,73.4963,20.9204,92.72,0.843503,4767,22790
A8.8*,76,76.4742,23.4381,35.398,39.4072,82.3639,20.6784,94.2554,0.809492,4522,21871
B7.1,76,58.9124,42.5864,40.7012,28.6577,61.8106,17.3566,69.2259,2.30667,10817,62322
B7.1*,76,62.3552,52.0961,29.3023,32.9357,54.592,17.3622,77.8543,2.05699,9649,55576
b7.10,76,77.4299,29.369,5.79007,33.9527,90.1934,19.0428,88.3206,1.01108,5202,27317
b7.10*,76,78.5214,28.6839,5.66636,32.5885,93.2658,19.9861,89.6939,0.850428,4592,22977
b7.11,76,69.5731,21.9549,45.923,34.9407,79.9802,18.5993,83.5988,1.34407,6754,36314
b7.11*,76,65.8982,29.1092,39.2478,33.1531,80.6721,20.2584,81.3916,1.1594,6345,31325
b7.12,76,81.5755,5.46395,28.2583,36.8004,96.2235,16.0903,90.0763,1.51003,6564,40798
b7.12*,76,82.6004,10.158,22.5982,40.3906,96.4128,15.5846,92.6955,1.62086,6824,43792
b7.13,76,69.4486,31.0053,41.4244,41.8453,80.4873,18.962,84.024,1.27296,6521,34393
b7.13*,76,63.4495,36.1019,40.9917,34.9537,74.0396,20.5396,79.708,1.19995,6659,32420
b7.14,76,74.7629,23.7061,41.3344,42.7281,85.1878,16.1987,88.7701,1.76189,7711,47603
b7.14*,76,73.942,28.1119,34.163,49.4685,85.392,16.2971,87.9683,1.7688,7788,47789
b7.15,76,81.6026,11.0825,24.1293,41.9277,94.6648,15.9803,90.8016,1.54038,6650,41618
b7.15*,76,80.8225,19.5887,24.1642,45.0798,92.6106,16.4859,91.467,1.43019,6370,38641
b7.16,76,80.4816,19.634,21.6151,47.1832,93.6883,15.7036,92.7484,1.66879,7080,45087
b7.16*,76,82.6662,14.1017,13.1266,44.8469,95.296,16.066,96.7387,1.47712,6411,39909
B7.2,76,67.4889,49.4771,12.9426,34.9012,67.6696,15.5834,81.003,2.42851,10224,65614
B7.2*,76,63.5052,48.5968,16.5892,39.3822,67.1982,16.5298,81.2104,2.29811,10263,62090
B7.5,76,70.49,51.9415,10.9003,38.987,62.1443,24.268,95.2696,0.589435,3864,15925
B7.5*,76,66.9703,45.5141,18.3546,36.3499,72.3495,24.572,87.5579,0.629084,4176,16996
B7.6,76,62.1016,37.5488,52.031,42.8531,64.4171,26.9742,86.0182,0.553026,4030,14941
B7.6*,76,64.2623,42.4006,54.4418,50.7919,62.7163,26.8732,90.3511,0.522302,3792,14111
B7.7,76,72.7845,53.2526,15.2,46.3346,57.9659,16.7296,89.8618,1.68758,7627,45595
B7.7*,76,70.0169,55.8253,21.2284,54.1201,56.6716,17.1164,91.4059,1.70275,7874,46005
B7.8,76,80.0728,22.4332,31.2533,45.3947,83.4625,16.0659,92.2428,1.57438,6833,42537
B7.8*,76,77.5055,16.6005,38.4708,41.4067,81.186,16.0556,91.2466,1.68363,7303,45488
b7.9,76,76.7422,18.7714,28.7666,38.5235,83.2121,16.2082,87.1083,1.66926,7309,45100
b7.9*,76,70.3242,41.6067,10.7861,35.1471,74.7318,17.6572,79.5952,1.53751,7334,41540
B8.5,76,63.5306,49.2842,15.0485,36.991,64.4287,17.1862,77.6156,2.04309,9486,55200
B8.5*,76,64.2037,47.2493,22.3494,36.8383,62.2569,17.2933,78.1693,1.96356,9174,53051
B8.6,76,54.7743,59.3916,43.9223,38.6673,40.1816,34.7322,78.4458,0.333001,3124,8997
B8.6*,76,61.2057,62.9512,36.1608,53.1978,42.0107,37.3964,90.876,0.21366,2158,5772
B8.7,76,69.7903,39.9456,16.6708,32.8837,74.8429,17.9237,78.9477,1.49253,7227,40325
B8.7*,76,67.1754,44.5575,16.1848,34.7638,71.7632,18.495,76.8962,1.46626,7326,39615
B8.8,76,69.8469,45.6057,17.4014,39.2131,70.9945,18.3019,83.7673,1.39962,6920,37815
B8.8*,76,72.6898,40.0276,18.4955,38.0269,76.1191,17.234,88.8837,1.54771,7206,41816
A7.1,112,61.6024,60.0164,13.1411,39.7171,53.9523,20.6704,78.4614,1.69937,6975,33745
A7.1*,112,58.3019,60.2436,9.6317,32.5517,47.7856,21.9406,66.5496,1.58641,6911,31502
A7.2,112,64.2463,48.9019,16.8855,35.5353,59.777,18.8062,75.0362,2.07457,7747,41195
A7.2*,112,66.5209,49.8236,14.0665,38.0858,64.187,18.0471,78.5321,2.18974,7847,43482
A7.5,112,62.0026,48.6537,9.9164,30.2342,69.4516,19.9151,67.0254,1.8757,7417,37246
A7.5*,112,65.3437,51.5295,4.92414,38.21,71.6719,18.9516,73.5319,1.95969,7374,38914
A8.11,112,89.94,14.3275,3.25716,42.3869,93.4461,20.7522,96.5996,0.787831,3246,15644
A8.11*,112,87.4371,11.8874,5.31549,43.2601,93.4731,20.6158,96.8521,0.850226,3480,16883
A8.12,112,86.0783,11.2428,9.37802,42.8132,96.9931,28.2275,96.4396,0.341764,1915,6786
A8.12*,112,84.2408,7.85245,8.74882,43.8987,98.0849,28.976,94.3923,0.329888,1898,6550
A8.13,112,59.1021,52.0234,20.2294,32.9905,54.5326,26.6624,67.7679,0.860255,4554,17082
A8.13*,112,56.7486,53.0923,29.9165,35.7083,51.1597,28.1049,66.6333,0.796659,4446,15819
A8.14,112,63.3833,54.655,4.14675,36.5229,56.2641,26.15,77.0929,0.792798,4116,15742
A8.14*,112,65.9248,46.1403,9.44397,38.1427,73.2841,25.1672,76.6794,0.822107,4108,16324
A8.15,112,70.3998,40.286,14.0292,30.4392,65.3791,24.8034,80.1624,0.753098,3709,14954
A8.15*,112,71.0442,34.5723,16.246,31.7746,76.2999,24.0164,80.1891,0.814609,3884,16176
A8.16,112,76.2962,26.0552,20.2424,39.71,87.0525,21.2334,86.6417,1.02203,4309,20294
A8.16*,112,78.3758,18.1302,23.5029,35.7007,89.8306,21.1114,88.1024,0.985399,4130,19567
a8.17,112,84.8222,3.05811,32.4966,42.0595,84.2776,26.7998,96.7976,0.41126,2188,8166
a8.17*,112,85.4194,28.9383,11.2183,42.8801,86.7625,28.886,95.2518,0.323856,1857,6430
a8.18,112,82.2647,21.4836,19.6009,45.8216,95.5198,25.451,93.6383,0.510488,2579,10136
a8.18*,112,82.8032,31.8532,11.8941,49.3143,90.9368,24.0224,93.7133,0.599221,2858,11898
a8.19,112,81.5922,9.50911,36.3493,37.3584,87.601,27.4265,94.5588,0.414686,2258,8234
a8.19*,112,78.4301,0.972378,46.5541,39.5213,79.3862,29.453,94.7936,0.362388,2119,7196
a8.20,112,82.9543,23.8835,0.709969,40.7392,96.6211,24.6318,92.824,0.553813,2708,10997
a8.20*,112,84.5272,28.1458,3.87641,46.7808,93.0231,24.5566,94.1098,0.538306,2624,10689
a8.21,112,75.0886,18.0691,12.1947,33.8521,94.8655,25.3259,84.98,0.621848,3127,12348
a8.21*,112,75.8924,9.22186,35.7217,42.865,92.4651,25.6962,87.2889,0.582806,2973,11573
a8.22,112,81.6314,16.8886,4.02564,49.5429,98.7713,24.3971,91.981,0.58857,2851,11687
a8.22*,112,79.1077,13.2236,7.39589,41.0593,95.872,24.2235,87.2706,0.640299,3079,12714
a8.23,112,81.5443,26.5369,13.4625,46.4629,95.3759,21.9034,91.8239,0.81509,3545,16185
a8.23*,112,82.9312,9.17648,16.008,38.3436,95.8614,23.1242,94.1357,0.669724,3075,13299
a8.24,112,75.1597,27.2498,11.0164,32.6409,84.2571,24.2102,87.6094,0.710496,3415,14108
a8.24*,112,83.9502,14.9886,6.5194,35.2838,93.555,20.327,94.2079,0.962198,3883,19106
a8.25,112,77.6943,14.068,39.7527,41.1879,84.6686,30.3399,92.4312,0.337836,2035,6708
a8.25*,112,70.1146,43.1982,31.8059,37.3943,73.9066,31.3966,84.3138,0.374337,2333,7433
a8.26,112,80.7321,33.0659,1.39627,42.269,92.1464,27.012,92.8862,0.44337,2378,8804
a8.26*,112,78.9298,14.8799,24.6789,33.233,95.1895,24.775,89.3458,0.601185,2957,11937
a8.27,112,80.1713,13.0367,26.7588,37.766,93.6181,23.828,91.7567,0.654983,3099,13006
a8.27*,112,74.8757,2.89925,25.2834,40.9688,93.8256,25.7972,84.9624,0.591738,3031,11750
a8.28,112,79.769,34.0694,9.49459,49.3408,90.5501,23.0338,89.9293,0.73243,3350,14544
a8.28*,112,77.4488,4.30827,24.6412,39.0436,92.709,24.0447,87.9372,0.683028,3261,13563
a8.29,112,77.2376,0.868672,34.9741,35.033,93.3075,24.9566,90.6894,0.614208,3043,12196
a8.29*,112,79.5345,4.53701,27.4915,33.8559,93.5522,23.2649,91.5114,0.715014,3303,14198
a8.30,112,84.4315,11.2289,21.7785,38.2856,96.1771,23.3606,95.7537,0.626714,2907,12444
a8.30*,112,83.3221,16.2986,12.5895,40.9715,97.7442,22.2765,94.346,0.742106,3282,14736
a8.31,112,73.1614,14.3691,10.1523,28.3097,95.967,26.7512,86.0573,0.555823,2952,11037
a8.31*,112,79.7128,1.62497,12.0864,35.1265,96.4513,22.1378,91.0468,0.82617,3631,16405
a8.32,112,84.0292,15.6644,17.2742,44.8283,97.3141,22.6046,95.603,0.698361,3134,13867
a8.32*,112,82.3285,4.23235,5.38159,35.3379,99.0118,21.0764,91.6065,0.897509,3756,17822
A8.5,112,59.9471,52.2244,32.4801,39.9553,53.2516,26.5152,78.1018,0.85017,4476,16882
A8.5*,112,59.1071,58.3753,13.5232,37.5952,57.6609,26.4371,73.3049,0.882281,4631,17519
A8.6,112,59.7695,59.0946,19.7998,35.4024,48.723,27.0899,74.1126,0.801952,4313,15924
A8.6*,112,61.4962,55.9927,21.4522,39.9373,49.2744,25.8877,77.2497,0.86806,4462,17237
A8.7,112,73.6315,36.183,12.8621,43.8925,81.3214,23.2396,83.8846,0.836983,3862,16620
A8.7*,112,74.6193,37.2175,16.6443,38.6974,79.3703,23.5266,87.0395,0.785504,3669,15598
A8.8,112,76.1151,36.6879,3.53739,38.4514,84.5632,22.9079,86.0018,0.817767,3719,16238
A8.8*,112,72.7042,39.1555,21.997,40.2416,80.8953,24.105,86.5252,0.769286,3682,15276
B7.1,112,60.142,41.5001,10.9563,26.3111,71.1899,19.6943,64.2921,2.06134,8061,40933
B7.1*,112,62.7767,47.182,5.58588,31.9313,65.0991,18.3289,69.094,2.34704,8542,46606
B7.2,112,66.7946,28.6878,37.131,41.0776,77.477,17.7051,84.1933,2.30011,8086,45674
B7.2*,112,63.8544,30.364,33.9228,37.4533,78.4243,18.1686,79.7828,2.32905,8402,46249
B7.5,112,80.5526,16.1877,18.1053,37.7959,91.1491,19.217,88.6121,1.23683,4719,24560
B7.5*,112,83.3473,14.0017,14.1559,40.1904,92.0876,19.2565,91.9989,1.14819,4390,22800
B7.6,112,73.4932,5.54785,43.9696,43.4056,86.6435,40.3651,90.8903,0.160331,1285,3183
B7.6*,112,75.5627,6.94382,34.329,39.8046,86.1085,42.8015,95.3454,0.127215,1081,2526
B7.7,112,73.6505,39.9014,17.1293,42.3694,79.0285,18.4995,83.4814,1.65845,6092,32932
B7.7*,112,73.4528,34.4351,29.1414,42.7014,79.5626,19.9601,82.6404,1.32747,5261,26360
B8.15,112,87.9911,14.4672,14.3102,43.7818,94.0136,22.3103,97.8696,0.662425,2934,13154
B8.15*,112,87.2789,26.2652,0.860548,49.8821,91.7561,21.8757,97.8484,0.714208,3102,14182
B8.16,112,80.7093,14.8908,31.3886,35.1054,85.6827,23.4075,90.7328,0.68174,3168,13537
B8.16*,112,77.6532,31.2295,23.8288,44.6736,85.1362,25.0601,89.1569,0.600155,2986,11917
b8.17,112,78.2251,14.4535,13.5013,34.4161,94.4277,23.2342,89.1888,0.742083,3423,14735
b8.17*,112,83.9218,3.23983,15.9537,35.7806,94.0226,22.2958,93.7933,0.729638,3230,14488
b8.18,112,77.2493,7.22901,34.9385,40.0353,88.9416,23.1962,89.8427,0.764699,3522,15184
b8.18*,112,81.8664,13.6507,29.0321,37.9277,90.777,21.839,93.2704,0.815865,3538,16201
b8.19,112,80.7381,17.9324,36.8031,40.9099,88.5139,27.8495,96.2949,0.404501,2236,8032
b8.19*,112,81.345,23.2437,24.8741,41.0314,88.4048,29.4059,95.5456,0.338504,1976,6721
b8.20,112,75.9658,24.7909,26.404,33.0414,92.0375,23.5265,91.1293,0.757918,3540,15050
b8.20*,112,82.8102,18.5272,27.1843,44.1515,92.3469,22.1006,95.1861,0.769395,3376,15278
b8.21,112,78.2087,28.1825,29.8824,45.0192,81.7364,27.0918,94.7152,0.468278,2519,9298
b8.21*,112,83.4047,16.3126,31.1487,37.9172,88.5732,25.8626,95.9812,0.473292,2430,9398
b8.22,112,78.3587,23.4011,21.2246,42.4706,91.8227,22.1093,91.8344,0.858281,3768,17043
b8.22*,112,83.0582,14.4418,23.7664,40.7446,93.1099,20.4928,94.3224,0.959316,3903,19049
b8.23,112,78.6516,20.0688,13.4308,41.0299,95.8537,21.9962,87.2262,0.865109,3778,17178
b8.23*,112,80.161,9.85719,21.2948,37.514,96.1013,21.5682,89.7964,0.88341,3783,17542
b8.24,112,76.9656,19.0215,7.25405,32.1715,96.1724,24.4837,88.4181,0.655094,3184,13008
b8.24*,112,82.6314,11.2265,13.251,42.934,97.7542,21.2204,90.9126,0.872926,3678,17334
b8.25,112,74.267,18.0129,31.0839,38.9642,88.6408,27.1269,88.6922,0.517294,2786,10272
b8.25*,112,73.7192,21.4588,33.6087,42.9889,82.1011,27.7642,86.6402,0.489681,2699,9723
b8.26,112,77.1881,18.4158,21.4725,35.2033,89.318,22.7591,90.2121,0.810889,3664,16102
b8.26*,112,78.5312,18.2005,20.6026,33.9314,93.7461,22.3844,88.3729,0.823391,3659,16350
b8.27,112,72.756,23.8261,23.8709,34.6383,88.2352,23.9089,85.0042,0.787251,3737,15632
b8.27*,112,71.911,30.2714,6.62376,33.8439,89.281,23.7265,82.9139,0.824586,3885,16374
b8.28,112,80.6701,1.12495,19.331,38.4673,97.1679,20.6357,90.3911,0.995977,4081,19777
b8.28*,112,76.3403,15.5001,9.09497,37.236,94.5959,22.3828,86.9302,0.87152,3873,17306
b8.29,112,81.2155,5.24599,9.25071,44.431,97.412,21.1632,89.9855,0.910981,3828,18089
b8.29*,112,82.1835,6.10455,14.8779,39.1706,95.6526,21.295,92.8175,0.873229,3692,17340
b8.30,112,78.9607,11.7992,9.77076,33.5652,97.1822,22.5668,88.6138,0.794871,3561,15784
b8.30*,112,76.6692,12.5065,7.64537,33.7579,95.8671,23.7543,85.9978,0.722868,3409,14354
b8.31,112,81.175,0.190163,25.854,33.5444,95.5634,21.3618,94.1535,0.886692,3761,17607
b8.31*,112,80.5754,9.25653,19.1809,31.8908,96.9149,21.3116,91.4933,0.906304,3835,17996
b8.32,112,80.2488,9.26297,9.20711,30.0234,97.1467,21.216,90.8973,0.926111,3901,18390
b8.32*,112,80.6591,11.765,8.59612,33.8713,97.9196,21.8609,90.8596,0.837953,3637,16639
B8.5,112,65.9486,41.0397,10.0808,36.9344,78.4739,17.7943,74.3546,2.3242,8212,46152
B8.5*,112,64.6226,45.1292,5.63116,34.8553,78.4107,18.6627,73.2194,2.09814,7775,41663
B8.6,112,51.8201,59.827,18.1112,27.902,40.7886,34.5684,54.2682,0.513447,3524,10195
B8.6*,112,51.8955,69.4019,2.52644,33.6255,41.5362,38.4199,63.5584,0.372907,2844,7404
B8.7,112,70.5071,38.4131,0.557685,37.5612,86.7946,19.6436,77.3868,1.51146,5895,30013
B8.7*,112,70.9057,31.338,22.2776,38.1698,86.6685,20.1347,76.0001,1.38782,5548,27558
B8.8,112,72.5984,25.1379,5.82786,31.4331,89.7088,18.0054,77.781,1.85126,6619,36761
B8.8*,112,71.5354,26.3096,6.19484,29.8763,88.3298,18.7284,76.9696,1.69429,6301,33644
A7.1,112,80.4999,21.3423,9.99332,37.229,97.6078,17.052,92.409,1.67367,6002,35199
A7.1*,112,78.907,22.6864,2.07024,35.6189,95.8212,16.3871,89.6311,1.96269,6764,41277
A7.2,112,85.5565,8.9016,2.05514,42.5289,97.6315,16.151,93.706,1.74375,5923,36673
A7.2*,112,84.9252,19.0949,9.01218,42.9631,96.0152,15.9684,94.3127,1.83119,6149,38511
A7.5,112,84.369,11.7036,24.407,43.8454,91.0856,16.8458,93.9991,1.58033,5598,33236
A7.5*,112,83.1645,10.5369,26.6754,47.192,91.1103,15.9486,94.3315,1.91666,6428,40309
A8.11,112,73.2698,42.3756,0.543576,42.8552,91.2438,21.5895,84.9126,0.995438,4519,20935
A8.11*,112,74.4203,16.8594,20.6609,35.8529,93.2403,20.4533,84.8236,1.13479,4881,23865
A8.12,112,70.935,31.6394,28.4891,35.252,84.5645,28.4937,79.7073,0.461981,2768,9715
A8.12*,112,77.172,23.8598,26.1231,17.3163,91.1742,25.9685,55.2627,0.51562,2816,10844
A8.13,112,57.4299,44.6669,30.3371,34.7804,60.5205,29.2142,75.6128,0.653929,4017,13752
A8.13*,112,59.3728,41.4645,34.3795,36.1432,71.5595,26.7335,80.5463,0.798445,4489,16792
A8.14,112,61.5685,44.6378,29.0793,40.3892,72.2112,26.6754,79.8995,0.747376,4192,15718
A8.14*,112,57.9259,44.0378,27.7205,33.421,72.6416,27.4141,70.8007,0.777894,4484,16359
A8.15,112,67.7152,31.2156,27.4433,33.6324,79.8163,25.1548,84.8538,0.736811,3897,15495
A8.15*,112,70.0702,34.4467,16.9712,32.6026,88.0901,24.083,85.1871,0.78414,3971,16491
A8.16,112,71.0567,23.9518,25.5786,34.4525,82.4034,21.5203,84.8539,1.06865,4836,22474
A8.16*,112,71.8403,16.2676,29.9612,35.739,90.9517,21.9614,87.051,0.983729,4543,20688
a8.17,112,68.3285,14.1386,30.4031,28.5524,89.2446,29.8853,85.1602,0.431531,2712,9075
a8.17*,112,74.4232,12.2176,26.9464,33.0717,91.5519,27.2373,91.0974,0.480485,2752,10105
a8.18,112,74.338,21.4565,16.8045,36.5404,92.3044,26.6123,85.1198,0.516324,2889,10858
a8.18*,112,74.459,29.8022,9.03412,29.5549,89.8579,24.9424,87.7402,0.625084,3278,13146
a8.19,112,70.1437,1.35809,26.1219,29.5273,94.227,29.7475,85.1058,0.415205,2597,8732
a8.19*,112,71.6183,6.55352,25.3769,31.8043,94.619,27.6394,87.8073,0.496544,2886,10442
a8.20,112,74.7992,15.9211,15.276,36.1194,98.0749,26.0979,86.1681,0.540732,2967,11372
a8.20*,112,76.1715,10.5757,16.8781,36.0287,96.5671,25.3982,86.6145,0.565716,3021,11897
a8.21,112,78.5665,11.2301,0.828946,43.3013,96.0329,24.8838,91.4416,0.565416,2959,11891
a8.21*,112,73.8072,21.5807,8.1757,35.3076,93.0591,26.758,87.9135,0.51527,2899,10836
a8.22,112,75.4194,20.509,2.46025,37.3811,94.7443,25.8786,90.0915,0.545507,2968,11472
a8.22*,112,78.8758,4.50741,0.610065,30.3224,97.9729,24.6219,91.3548,0.579079,2998,12178
a8.23,112,79.164,15.5744,19.959,36.5969,94.4392,21.3738,91.3706,0.878802,3950,18482
a8.23*,112,77.0554,8.74406,18.587,33.9814,92.328,21.2858,89.0801,0.93911,4204,19750
a8.24,112,75.4463,7.19047,37.4878,36.2898,95.4794,21.6283,87.7963,0.93379,4247,19638
a8.24*,112,73.6681,13.5402,15.4811,35.4584,91.6478,23.0395,87.2765,0.810243,3925,17040
a8.25,112,66.7337,31.7451,39.4943,36.8111,83.9403,29.4022,83.4427,0.475071,2937,9991
a8.25*,112,63.8679,26.0887,47.515,29.8228,76.5331,30.9183,83.5894,0.446043,2900,9380
a8.26,112,77.8414,21.7854,5.23608,32.9662,90.3569,25.7695,88.6068,0.518622,2810,10907
a8.26*,112,75.418,14.5111,22.7124,33.8332,92.5568,28.3066,83.9698,0.416849,2481,8766
a8.27,112,74.6517,12.5312,28.9705,33.4862,93.3196,24.1998,88.0151,0.680886,3465,14319
a8.27*,112,72.6955,19.1618,12.0363,33.2564,93.0277,25.5997,85.9145,0.606557,3265,12756
a8.28,112,76.5154,20.7252,23.1532,38.4955,86.7079,22.809,88.4463,0.774055,3713,16279
a8.28*,112,75.2822,12.7579,15.9864,33.1553,92.2022,24.6999,87.3846,0.629677,3270,13242
a8.29,112,75.1247,12.6813,16.5132,29.8513,95.4979,22.0039,86.0957,0.894385,4138,18809
a8.29*,112,80.001,20.4327,7.03441,35.8364,93.9517,22.2339,93.3168,0.764458,3574,16077
a8.30,112,76.4084,1.82995,23.6087,29.9853,93.5814,22.2678,91.7349,0.834214,3906,17544
a8.30*,112,77.679,4.46177,30.7049,34.9979,96.8427,21.3899,89.4117,0.910657,4096,19152
a8.31,112,76.1743,3.16511,16.871,41.8309,96.9443,22.567,90.158,0.806398,3827,16959
a8.31*,112,76.2474,1.36459,40.6268,45.0786,89.0381,22.5297,90.6473,0.808866,3832,17011
a8.32,112,76.9038,7.25291,2.60394,42.7628,95.6424,22.4238,89.9508,0.806431,3803,16960
a8.32*,112,79.258,4.14987,35.295,36.0892,91.4828,20.7506,92.5395,0.958105,4181,20150
A8.5,112,60.4103,31.5883,49.0544,38.6652,77.0477,27.2733,82.7795,0.726364,4166,15276
A8.5*,112,61.4576,37.3402,42.3068,34.4958,70.6027,25.146,78.4145,0.895428,4735,18831
A8.6,112,62.2103,33.5905,51.0018,42.4785,71.1675,27.0113,82.018,0.705065,4005,14828
A8.6*,112,62.9881,38.1087,36.9401,35.5136,67.9531,24.9585,81.6607,0.871797,4576,18334
A8.7,112,70.4445,27.1124,15.8301,31.5957,82.0209,22.7543,83.2947,0.919824,4401,19344
A8.7*,112,70.3452,34.5648,5.82445,28.7581,83.5199,21.635,84.4468,1.07313,4882,22569
A8.8,112,69.995,24.4161,27.6557,33.9076,81.9359,22.6263,82.9799,0.947574,4509,19928
A8.8*,112,70.0959,42.898,3.79171,31.9844,82.4287,22.6012,85.3989,0.948011,4506,19937
B7.1,112,82.8501,14.0326,5.58127,46.3477,94.8004,16.4999,94.2368,1.74406,6052,36679
B7.1*,112,83.0718,17.3039,11.5213,38.9516,89.7106,17.1274,95.4338,1.55099,5586,32619
B7.2,112,83.5028,14.2174,21.5069,42.2978,93.8591,16.8666,95.1543,1.60733,5701,33803
B7.2*,112,78.1759,18.1012,2.41376,45.826,94.9388,16.1626,88.3334,2.08408,7084,43830
B7.5,112,80.3134,24.5066,6.92961,44.7619,89.821,22.146,91.0622,0.767589,3575,16143
B7.5*,112,81.4318,26.7945,2.76424,40.7086,88.7614,20.3692,93.9723,0.959574,4110,20180
B7.6,112,72.2625,24.6717,29.1874,42.3436,89.7329,43.0236,92.1703,0.129313,1170,2719
B7.6*,112,66.5314,28.8153,35.5563,36.383,76.2373,48.4156,82.6468,0.107049,1090,2251
B7.7,112,83.8404,26.6929,17.8443,38.8373,88.6627,17.0204,95.0369,1.55158,5553,32631
B7.7*,112,77.8864,27.2933,18.7605,40.4433,90.4447,17.1507,91.7909,1.7572,6338,36955
B8.15,112,70.8916,22.9666,11.6746,36.2647,86.0089,23.5895,80.4611,0.815167,4044,17143
B8.15*,112,67.4768,26.2799,16.2952,33.7444,84.9483,24.121,72.7786,0.84158,4269,17699
B8.16,112,67.1508,4.17531,44.5923,34.558,84.111,25.2254,81.1405,0.742972,3941,15625
B8.16*,112,64.5925,10.6482,44.6377,35.1586,78.3169,24.7942,79.6055,0.845622,4409,17784
b8.17,112,61.6302,25.9618,32.2861,26.0528,86.0321,27.7247,69.7877,0.664356,3873,13972
b8.17*,112,65.9741,32.0134,42.5153,30.245,79.0972,28.0728,85.6572,0.558453,3297,11744
b8.18,112,78.5212,12.7459,21.401,33.1165,87.5335,22.915,88.9659,0.724862,3493,15244
b8.18*,112,79.0363,9.54078,14.2981,44.463,96.2415,20.547,88.3393,0.992416,4288,20871
b8.19,112,57.9698,3.54571,65.1327,31.7414,73.8893,38.2483,86.9842,0.285991,2300,6014
b8.19*,112,65.6973,23.5753,43.6703,37.3503,80.6607,29.4537,85.3639,0.487612,3020,10255
b8.20,112,74.0892,37.1455,20.5976,34.0298,84.526,23.3875,90.3783,0.765822,3766,16106
b8.20*,112,75.5872,31.3482,17.312,38.6154,89.1775,22.7462,87.1733,0.79977,3825,16820
b8.21,112,62.4002,32.2837,43.7746,30.5273,67.0665,31.7193,87.1334,0.432761,2886,9101
b8.21*,112,61.4987,32.1118,49.7413,35.779,73.0359,32.5771,83.1798,0.411265,2817,8649
b8.22,112,70.6059,28.5402,42.6209,45.6323,86.2951,24.7501,86.0302,0.711509,3703,14963
b8.22*,112,67.093,30.1441,36.0191,36.1818,81.8039,27.0307,81.7076,0.60487,3438,12721
b8.23,112,76.9288,4.6851,28.5383,35.4727,95.3578,22.3582,88.7138,0.813018,3822,17098
b8.23*,112,75.3075,13.8031,6.60378,28.9781,97.6126,23.1298,86.6101,0.7663,3727,16116
b8.24,112,78.8178,22.7216,6.22095,39.3683,94.5653,22.2702,89.1089,0.783738,3670,16482
b8.24*,112,73.5058,17.4822,21.4317,38.0241,94.9278,25.5352,88.871,0.597763,3210,12571
b8.25,112,59.9401,19.5178,53.7987,30.6421,71.0373,31.8287,82.3365,0.464195,3107,9762
b8.25*,112,53.8419,7.44341,60.4166,28.9212,71.165,35.4907,76.8121,0.41496,3097,8727
b8.26,112,77.6444,14.1648,18.4788,35.3391,93.2503,21.219,89.9804,0.933673,4166,19636
b8.26*,112,73.2462,17.5164,25.0847,34.9581,88.7354,23.0125,85.752,0.822489,3980,17297
b8.27,112,67.8288,23.7696,13.9477,30.8283,87.3067,25.0121,76.3997,0.74698,3929,15709
b8.27*,112,64.5791,27.2146,18.7474,26.3926,86.0388,26.4139,72.1617,0.699693,3886,14715
b8.28,112,75.9295,14.9895,22.058,41.5564,91.3601,21.5621,90.9693,0.930454,4219,19568
b8.28*,112,73.9852,14.2184,24.1329,38.5791,87.8862,22.0417,92.5651,0.917418,4252,19294
b8.29,112,78.3826,22.0025,7.57874,36.4294,90.6754,21.3422,91.7235,0.900399,4041,18936
b8.29*,112,76.2998,8.64343,21.3133,33.1196,92.4684,21.895,88.952,0.880049,4052,18508
b8.30,112,78.6432,11.2616,17.3406,31.1607,95.7866,20.9145,91.2246,0.950447,4180,19988
b8.30*,112,77.8535,5.0966,1.11342,32.9546,94.7382,22.0078,91.7265,0.832346,3852,17505
b8.31,112,76.4451,5.48744,18.6817,30.9387,94.2464,21.9756,87.2292,0.867099,4007,18236
b8.31*,112,74.5064,7.37525,11.1656,37.6092,95.24,22.0483,86.2001,0.903806,4190,19008
b8.32,112,77.5374,6.16162,8.37859,52.9442,99.4815,20.6262,88.2784,1.01933,4421,21437
b8.32*,112,70.9851,7.13385,16.9122,24.8881,89.5918,21.8886,81.1275,1.01766,4684,21402
B8.5,112,73.7064,5.0393,27.1389,34.4678,94.0249,16.0475,81.6105,2.3953,8084,50375
B8.5*,112,72.8512,7.91287,27.7752,36.9317,91.1121,16.2313,81.6681,2.36952,8088,49833
B8.6,112,56.0901,37.2703,45.6311,41.5479,71.4384,34.8561,74.2047,0.403631,2958,8488
B8.6*,112,52.5832,39.766,47.2536,39.6569,68.4048,38.9958,78.6313,0.327976,2689,6897
B8.7,112,71.4889,29.4974,9.57299,38.246,85.9309,18.474,81.0032,1.6689,6484,35098
B8.7*,112,71.5569,26.1463,16.0258,30.7808,78.0034,18.6084,82.4337,1.62991,6378,34278
B8.8,112,76.3148,32.6564,7.62185,47.5052,91.8279,17.6994,87.7923,1.66531,6198,35023
B8.8*,112,73.429,27.3064,15.5385,34.2477,89.2563,18.0025,84.682,1.70946,6472,35951
A7.1,112,75.5977,39.5793,1.14676,39.1801,79.5712,18.1259,91.7181,1.77315,6023,33230
A7.1*,112,74.617,38.0158,14.1013,37.2368,82.9547,18.6316,90.1098,1.67584,5851,31407
A7.2,112,82.439,35.2578,12.3708,46.5419,84.1232,15.8603,94.8834,2.22566,6615,41711
A7.2*,112,81.7524,37.1481,8.38626,44.9841,85.6219,16.4539,95.6674,2.02699,6250,37988
A7.5,112,81.6064,32.0379,14.6499,46.3366,82.2876,16.9962,95.1173,1.84568,5878,34590
A7.5*,112,84.4145,33.6788,4.32182,44.4725,86.5672,16.317,95.2136,1.9494,5961,36533
A8.11,112,66.5714,21.411,25.2764,35.7795,83.553,24.7963,71.1533,0.893147,4150,16738
A8.11*,112,67.0098,34.996,27.6949,26.3932,80.8326,22.2479,67.6682,1.22043,5088,22872
A8.12,112,79.0538,12.4483,25.7367,40.0213,94.1771,24.9733,86.5992,0.619988,2901,11619
A8.12*,112,76.285,23.7094,26.3024,34.8323,88.4667,24.1595,83.9386,0.735383,3329,13781
A8.13,112,58.7383,37.3466,40.0952,34.8872,60.5928,26.9654,74.406,0.892063,4508,16718
A8.13*,112,59.6533,50.4213,28.2885,34.6388,54.0987,26.8211,71.9399,0.878936,4418,16472
A8.14,112,57.0109,38.5822,33.3207,27.7283,66.5711,28.6969,63.3996,0.785665,4225,14724
A8.14*,112,58.7965,22.1766,38.9759,32.2786,77.4893,36.5176,74.0156,0.358466,2453,6718
A8.15,112,68.9161,21.1748,46.6103,37.49,80.8121,26.1267,88.6124,0.712463,3488,13352
A8.15*,112,65.8122,38.7756,31.8401,32.6002,64.9965,26.8619,82.1431,0.71884,3618,13471
A8.16,112,68.2733,22.9248,47.5069,40.7661,77.3686,24.3474,86.9213,0.897014,4093,16811
A8.16*,112,66.9269,45.4451,28.0575,35.829,72.5716,23.6137,82.3844,1.02321,4528,19176
a8.17,112,75.5076,41.6592,12.9878,41.7926,80.8465,33.9946,93.2745,0.269432,1716,5049
a8.17*,112,74.7014,23.9409,18.7854,37.7734,86.564,31.5055,85.4601,0.345813,2041,6480
a8.18,112,75.4991,25.9425,29.7277,37.6583,86.6222,28.5706,87.5096,0.453956,2430,8507
a8.18*,112,76.5769,14.437,31.3329,36.0075,89.2294,27.6504,87.3818,0.486807,2522,9123
a8.19,112,74.3848,21.0806,21.5973,39.6421,85.1212,31.7336,89.7366,0.341297,2029,6396
a8.19*,112,71.7932,5.98969,38.7184,34.6378,91.8627,32.7211,88.107,0.334201,2049,6263
a8.20,112,80.1871,13.724,12.4944,39.6773,93.5403,24.5274,88.3977,0.636054,2923,11920
a8.20*,112,79.0744,27.7959,13.9587,45.1035,92.0169,28.2488,89.8713,0.428141,2266,8023
a8.21,112,74.8789,3.74557,2.3745,31.6571,98.5487,26.337,84.5582,0.589168,2908,11041
a8.21*,112,70.3567,15.2484,14.2639,32.6928,96.9168,26.793,79.6366,0.633844,3182,11878
a8.22,112,71.0831,1.43756,22.3988,34.3012,95.2982,29.0757,76.8311,0.485887,2647,9106
a8.22*,112,67.9863,16.4755,13.2523,29.9198,98.2031,28.7577,75.1972,0.548975,2958,10288
a8.23,112,73.723,6.8468,25.1255,31.4621,91.912,23.457,86.0929,0.860264,3781,16122
a8.23*,112,73.175,4.97143,35.1922,36.1655,94.7165,24.2582,82.7619,0.789504,3589,14796
a8.24,112,73.7773,5.44331,43.1759,44.2621,88.5221,24.1999,87.568,0.7823,3547,14661
a8.24*,112,72.6075,28.4259,29.3219,37.9485,92.7269,25.5133,87.3312,0.689276,3295,12917
a8.25,112,66.5564,30.7028,39.0779,30.3705,75.7655,35.4159,83.3324,0.306678,2035,5747
a8.25*,112,63.1981,41.7262,18.3228,32.6094,82.266,35.4948,74.6217,0.337874,2247,6332
a8.26,112,75.0415,28.1249,21.5179,36.6949,91.8096,26.6865,84.5954,0.563873,2820,10567
a8.26*,112,62.7552,30.7787,19.5378,30.7112,85.9519,25.2389,64.7974,0.953114,4508,17862
a8.27,112,73.8771,16.7797,27.0497,38.3491,85.2649,25.4813,86.5763,0.668301,3191,12524
a8.27*,112,69.1153,2.05466,39.37,30.1621,87.6719,25.4326,81.2012,0.767956,3660,14392
a8.28,112,61.8295,29.3677,36.2453,22.9372,77.2824,28.2105,67.5225,0.703125,3717,13177
a8.28*,112,70.7714,27.1063,30.3145,33.258,79.3537,25.2973,82.5367,0.74425,3528,13948
a8.29,112,77.0983,23.9531,5.16403,36.3899,88.8602,23.3454,88.6833,0.797924,3491,14953
a8.29*,112,79.2975,13.6675,5.55937,40.032,94.582,21.8541,88.1712,0.919474,3765,17231
a8.30,112,74.8304,2.79345,30.0501,43.9795,91.6168,23.2979,87.8318,0.852223,3721,15971
a8.30*,112,78.9254,24.2377,10.2597,40.1535,92.2154,22.5746,92.8547,0.842104,3562,15781
a8.31,112,79.8581,16.3407,4.70573,36.2952,93.0349,21.423,88.8175,0.962457,3864,18037
a8.31*,112,78.9316,4.99686,1.34656,32.8557,99.2578,20.9423,89.3869,1.05459,4139,19764
a8.32,112,67.5472,40.9443,10.3223,37.3766,84.9383,22.7289,74.9629,1.12644,4798,21110
a8.32*,112,75.4804,10.0673,6.81371,35.5676,96.6804,23.0722,86.1713,0.862424,3729,16162
A8.5,112,71.4333,32.84,30.2595,36.6891,80.0282,23.8528,87.9584,0.871446,3895,16331
A8.5*,112,56.1026,42.4962,40.9096,31.3914,59.202,30.6726,64.6419,0.664413,3819,12451
A8.6,112,60.5055,32.8247,38.3398,27.5274,68.1522,28.0768,72.644,0.74477,3918,13957
A8.6*,112,66.9146,42.1116,26.7435,38.1626,63.0954,24.8647,80.8106,0.876731,4085,16430
A8.7,112,69.2306,32.2545,17.4066,35.7325,82.6889,25.0411,88.7907,0.801863,3763,15027
A8.7*,112,70.2955,50.0099,16.6324,50.021,71.0094,26.1211,93.3065,0.685218,3354,12841
A8.8,112,65.439,33.5069,33.3621,41.1968,70.2972,27.8088,86.8441,0.655293,3415,12280
A8.8*,112,67.1643,47.4398,26.2423,45.7575,68.0468,27.0541,87.6885,0.675584,3425,12661
B7.1,112,81.3561,29.6054,16.3047,47.1165,88.9283,16.932,95.8531,1.87826,5960,35200
B7.1*,112,83.0407,29.3388,6.50858,43.7925,86.2297,16.5465,95.1638,1.93178,5990,36203
B7.2,112,80.4945,29.5193,8.81366,40.6668,89.3522,15.5373,92.7808,2.48313,7230,46536
B7.2*,112,81.2406,28.1678,4.81339,42.6863,91.7594,15.4236,92.5945,2.49203,7203,46703
B7.5,112,71.8771,45.0757,7.55311,37.5412,76.2504,22.3558,86.0415,1.04545,4380,19592
B7.5*,112,75.6134,35.3963,4.39412,39.2718,84.917,21.0179,89.3221,1.13682,4477,21305
B7.6,112,60.3301,41.8994,28.5889,29.5586,67.1268,54.283,66.0439,0.103657,1054,1942
B7.6*,112,70.1783,34.0265,29.8357,34.0624,70.4486,47.1778,83.6806,0.116692,1031,2186
B7.7,112,81.0002,29.6885,13.5216,37.3373,90.4422,16.5569,94.4168,2.0265,6288,37978
B7.7*,112,79.2913,36.8369,4.64384,36.2874,86.1536,17.8522,92.2594,1.68706,5644,31617
B8.15,112,71.8852,36.1,5.22299,32.9887,81.2623,23.7872,83.5827,0.867664,3868,16260
B8.15*,112,69.8384,38.2933,4.1253,37.809,85.0675,24.441,82.5538,0.847441,3881,15881
B8.16,112,73.1471,9.7184,47.7162,41.271,81.114,23.716,89.2188,0.845547,3758,15846
B8.16*,112,63.8782,39.9831,43.8456,39.0476,69.641,27.8407,85.2442,0.685352,3575,12844
b8.17,112,72.1554,31.7487,19.7627,46.5758,81.7459,26.8343,86.6853,0.599862,3016,11242
b8.17*,112,61.2947,48.6646,21.0139,34.4611,69.0141,30.3031,75.0552,0.577234,3278,10817
b8.18,112,69.7414,18.863,37.9451,34.3318,88.5602,26.6302,80.1385,0.656977,3278,12312
b8.18*,112,69.3073,39.0458,16.3315,37.8731,84.2755,28.754,81.2389,0.528451,2847,9903
b8.19,112,51.7932,15.1465,67.3052,29.0455,71.0122,46.1523,81.4851,0.228839,1979,4288
b8.19*,112,64.2542,34.884,42.355,36.8312,75.2267,39.4714,88.5093,0.237688,1758,4454
b8.20,112,74.1726,19.2087,35.0495,29.8043,88.7178,26.5504,86.5163,0.58608,2916,10983
b8.20*,112,68.0136,9.79002,38.7741,34.019,88.0028,31.8185,82.3296,0.404974,2414,7589
b8.21,112,61.8974,41.0053,2.5456,24.4389,80.1983,33.389,75.4548,0.423157,2647,7930
b8.21*,112,58.2137,23.5103,36.6501,25.7373,72.2588,44.5677,70.8183,0.201162,1680,3769
b8.22,112,65.5996,26.6815,42.3568,32.1961,79.8138,28.0368,84.8062,0.636313,3343,11925
b8.22*,112,71.8804,14.4104,37.4042,35.7208,88.8407,27.1757,85.1954,0.581964,2963,10906
b8.23,112,76.022,26.329,1.25559,31.871,92.7908,22.1879,90.3196,0.955935,3975,17915
b8.23*,112,70.7354,29.3273,5.36413,31.0788,93.7152,21.3188,78.4946,1.24479,4973,23328
b8.24,112,77.4007,20.7836,22.6073,39.8023,90.2542,22.2116,89.0795,0.919242,3826,17227
b8.24*,112,78.4991,13.357,8.46748,35.5916,97.9354,22.938,88.6176,0.81145,3488,15207
b8.25,112,46.9188,33.2587,67.7924,30.4429,68.9352,43.7747,68.4869,0.32681,2681,6124
b8.25*,112,58.0181,32.7196,53.0741,33.8602,67.3,33.7426,78.5271,0.466653,2950,8745
b8.26,112,66.3725,17.6236,38.5456,35.9481,83.4416,25.4467,78.4581,0.831357,3964,15580
b8.26*,112,65.4928,35.0787,16.9806,27.5321,86.0903,28.1082,77.1153,0.633539,3337,11873
b8.27,112,66.9852,14.0395,12.7715,28.475,96.3525,26.4995,75.5104,0.722746,3589,13545
b8.27*,112,61.1864,18.5831,48.9536,24.9919,80.567,28.6256,73.5129,0.687205,3686,12878
b8.28,112,71.5157,19.7765,15.4388,38.0519,93.0041,25.9355,83.4034,0.676345,3287,12675
b8.28*,112,69.2458,5.05563,24.044,30.7313,92.9533,23.2866,78.9269,0.996669,4349,18678
b8.29,112,72.5998,30.5151,9.17898,34.3108,90.5109,25.7128,83.9024,0.673503,3245,12622
b8.29*,112,73.63,12.1917,22.4961,27.6926,94.1514,23.9634,83.8337,0.808913,3632,15159
b8.30,112,76.2066,10.3605,13.2491,36.2535,94.4331,23.9305,90.527,0.758253,3400,14210
b8.30*,112,77.02,20.7992,17.0176,34.2282,89.7927,24.8846,89.0768,0.660175,3078,12372
b8.31,112,77.087,10.3305,1.67614,42.4213,96.2828,20.6956,84.4967,1.14568,4443,21471
b8.31*,112,79.8587,17.6264,14.1277,55.0304,92.399,20.6119,93.3663,1.08059,4174,20251
b8.32,112,74.5149,12.3865,13.2098,30.0357,93.9506,23.3818,88.4972,0.850231,3725,15934
b8.32*,112,73.9077,10.2379,20.3578,36.3986,92.3986,21.8006,83.203,1.06629,4356,19983
B8.5,112,63.6639,39.1853,4.40727,30.8927,76.6181,22.273,70.5635,1.34752,5624,25253
B8.5*,112,67.6723,31.0554,10.2658,32.4085,86.4474,19.3202,73.657,1.82727,6616,34245
B8.6,112,63.039,43.1496,33.4097,32.6286,57.8141,34.7656,85.0754,0.3614,2354,6773
B8.6*,112,69.485,40.9829,10.973,32.9708,72.7646,32.4697,84.869,0.365126,2221,6842
B8.7,112,79.1385,29.7181,23.7063,45.6886,85.4475,17.8562,93.7568,1.69246,5663,31718
B8.7*,112,77.6476,22.2912,7.17789,36.863,89.5153,17.7942,90.1828,1.77652,5924,33293
B8.8,112,85.2778,17.5951,3.67165,39.8379,93.4233,15.7794,95.0138,2.11209,6245,39582
B8.8*,112,81.8945,27.3722,3.2186,40.2312,90.4258,16.3843,93.0593,2.04579,6281,38340
A8.11,112,68.9562,10.4249,30.8411,32.8415,93.4211,20.3483,79.3719,1.17695,5744,28230
A8.11*,112,71.0756,22.2156,19.5366,31.8957,90.6029,20.2976,80.9608,1.11611,5434,26771
A8.12,112,78.4609,8.50403,42.2668,40.8186,89.4978,24.6725,93.7844,0.509964,3018,12232
A8.12*,112,69.9606,14.161,38.1942,38.7315,90.4272,28.7005,85.2931,0.407482,2805,9774
A8.13,112,73.3258,17.8743,29.0324,38.0092,86.6432,21.2216,89.6032,0.917562,4670,22009
A8.13*,112,61.1123,28.0366,35.0411,32.1612,79.5863,26.2662,76.6438,0.696687,4389,16711
A8.14,112,62.8851,28.9881,48.4333,40.8796,76.5821,25.1987,80.2437,0.74517,4504,17874
A8.14*,112,66.4619,33.8658,22.88,34.9827,77.6898,23.4975,75.1591,0.822764,4637,19735
A8.15,112,87.9775,24.2615,1.64014,45.5136,94.2796,18.3776,97.685,0.981468,4326,23542
A8.15*,112,86.0188,2.69082,13.0834,44.1664,98.9652,20.4917,93.2837,0.740568,3640,17763
A8.16,112,89.9673,7.28617,10.2867,41.6615,98.5392,17.118,95.7327,1.16133,4768,27856
A8.16*,112,86.501,8.03501,17.1844,44.1076,96.1153,18.694,91.9807,0.964576,4325,23136
a8.17,112,80.9563,17.433,1.24977,37.9703,96.6416,24.4865,91.8932,0.49001,2878,11753
a8.17*,112,80.5594,11.2005,22.383,43.7825,94.994,26.4464,93.3404,0.392784,2491,9421
a8.18,112,86.342,11.8827,4.32621,42.3589,99.0411,21.0706,97.1481,0.676096,3417,16217
a8.18*,112,78.2602,9.28819,24.3827,39.6428,95.2228,24.6921,89.4611,0.511359,3028,12265
a8.19,112,79.4411,10.2895,22.9286,45.225,96.6826,24.5514,89.215,0.504857,2973,12109
a8.19*,112,78.9375,3.9009,29.2009,39.5074,94.2017,25.1477,90.7991,0.475798,2870,11412
a8.20,112,81.8355,4.65801,31.8486,37.0775,92.8174,24.0439,94.9245,0.506509,2921,12149
a8.20*,112,79.0005,2.58039,22.3915,34.5729,95.8064,24.2369,88.3314,0.530634,3084,12728
a8.21,112,85.9172,1.89131,0.692427,42.0281,99.7237,22.4091,93.1819,0.567612,3051,13615
a8.21*,112,88.0413,5.08574,3.377,41.7587,99.1586,21.0501,97.2806,0.652152,3292,15642
a8.22,112,81.6261,16.8477,2.63417,41.6707,97.4819,21.7898,88.5665,0.684018,3575,16407
a8.22*,112,83.4495,5.0562,4.43795,42.2768,98.5937,21.7841,92.208,0.654969,3422,15710
a8.23,112,85.092,11.703,18.9514,44.764,97.4831,19.751,93.643,0.845167,4004,20272
a8.23*,112,84.3292,6.96834,24.0209,47.2104,96.141,19.8875,96.6537,0.842922,4021,20218
a8.24,112,85.5565,7.87823,28.4724,46.3598,96.77,19.3861,97.2985,0.884107,4111,21206
a8.24*,112,79.7107,9.8175,30.2908,50.455,93.8774,20.7093,90.3799,0.835518,4150,20041
a8.25,112,81.9308,30.7291,17.9838,43.5223,94.4342,25.6891,92.6541,0.414327,2553,9938
a8.25*,112,76.3305,36.9285,17.5004,35.6099,85.3012,29.9641,90.7256,0.300806,2161,7215
a8.26,112,80.9332,5.39092,18.5286,32.3122,99.203,21.7457,87.7679,0.700017,3651,16790
a8.26*,112,78.7077,16.2222,21.2403,36.8885,97.4678,24.5251,84.4214,0.51596,3035,12376
a8.27,112,86.1754,3.15414,20.335,43.3887,97.6838,21.1298,95.9931,0.673026,3411,16143
a8.27*,112,84.6042,11.4932,10.2569,42.5398,96.1082,21.1417,94.8541,0.697082,3535,16720
a8.28,112,85.6647,20.1167,1.61831,40.5361,97.5863,20.6176,91.5647,0.733106,3625,17584
a8.28*,112,87.4517,28.7022,1.17114,42.2854,95.0121,20.515,96.505,0.714055,3513,17127
a8.29,112,85.5547,15.7724,6.76187,44.3662,97.4514,20.0681,92.6495,0.797038,3836,19118
a8.29*,112,85.4604,8.94811,13.884,47.4336,97.4712,20.5017,93.5036,0.749179,3684,17970
a8.30,112,86.7398,3.98108,0.0391722,38.7398,99.6033,19.7741,93.7618,0.810506,3844,19441
a8.30*,112,81.905,20.0152,0.37334,33.8075,97.3394,20.8975,92.2974,0.77016,3860,18473
a8.31,112,84.9186,2.33319,3.96898,45.2729,98.0398,21.0036,92.9723,0.705665,3555,16926
a8.31*,112,83.2777,11.1951,9.30931,35.3604,98.5159,21.8972,92.8044,0.647535,3401,15532
a8.32,112,87.0125,2.77696,17.1625,43.487,98.5444,21.4342,97.0538,0.632412,3251,15169
a8.32*,112,81.4426,7.83546,19.8674,40.3548,97.3978,21.6935,91.7788,0.696295,3623,16701
A8.5,112,70.4222,30.6199,41.9108,41.9526,77.1916,20.5894,90.0505,1.08926,5379,26127
A8.5*,112,61.5511,22.9799,49.7457,42.5626,78.7939,24.5122,79.3649,0.845017,4968,20269
A8.6,112,63.944,5.50494,54.3888,39.1514,82.8215,24.4437,79.2671,0.789558,4629,18938
A8.6*,112,72.3039,15.3832,51.4181,49.9617,85.6691,20.6824,88.5871,1.01943,5057,24452
A8.7,112,83.9235,28.3701,3.95736,47.6536,90.6542,18.4072,95.286,1.07338,4739,25746
A8.7*,112,80.9736,28.4648,3.74922,40.6896,91.9648,19.2956,92.0302,1.00097,4632,24009
A8.8,112,84.2724,31.4521,0.675863,46.1411,91.3571,19.1751,95.7562,0.941681,4331,22587
A8.8*,112,84.3329,25.0481,12.2097,46.6234,93.9895,19.4001,95.0736,0.907986,4225,21779
B7.5,112,79.8552,23.9897,21.373,44.0918,91.2507,19.9494,91.8931,0.931304,4456,22338
B7.5*,112,81.2548,28.2514,21.0905,46.934,88.6282,19.3083,91.5234,0.9921,4594,23797
B7.6,112,75.184,45.0953,10.1717,42.6401,77.1198,47.9962,92.9275,0.0754419,868,1809
B7.6*,112,72.3397,33.5415,2.32,42.5018,86.5413,42.8419,82.4771,0.114584,1177,2748
B8.15,112,81.7236,7.57913,31.1736,41.2209,94.1719,20.5551,93.9459,0.812892,4007,19498
B8.15*,112,81.8246,18.3683,19.8206,47.0009,93.4863,20.2293,90.9373,0.850701,4127,20405
B8.16,112,85.3062,14.3815,20.4508,41.1347,92.5901,19.2108,94.9998,0.913872,4211,21920
B8.16*,112,84.7881,20.0529,19.6402,44.0553,90.9966,19.2471,94.5501,0.919859,4246,22064
b8.17,112,77.9745,1.92167,33.0779,36.7441,94.677,20.9784,86.2212,0.839973,4226,20148
b8.17*,112,75.1916,1.6407,20.1527,31.5277,96.0732,23.0746,78.8561,0.678803,3757,16282
b8.18,112,81.1666,10.8463,20.4674,34.5672,97.2153,19.2933,87.6229,0.996577,4611,23904
b8.18*,112,77.9238,2.81467,33.3291,38.0007,95.6541,19.7492,85.0595,1.00808,4775,24180
b8.19,112,73.1876,36.5872,18.0093,37.4875,86.3277,32.0082,79.5043,0.268428,2060,6438
b8.19*,112,75.2686,40.1338,13.42,40.5499,87.0753,28.5158,89.5343,0.358923,2455,8609
b8.20,112,76.7161,34.4226,12.6124,36.4942,86.9273,23.0891,86.2525,0.650863,3604,15611
b8.20*,112,77.8169,30.8803,12.2449,44.1227,90.6792,22.0004,84.9022,0.73121,3858,17539
b8.21,112,75.9856,11.0862,37.8365,37.4834,87.5089,25.9723,89.9632,0.466115,2903,11180
b8.21*,112,72.5805,17.3955,40.2314,33.3344,87.0873,28.5467,85.796,0.384749,2634,9228
b8.22,112,84.1925,15.7749,20.8984,42.0018,94.8684,21.1076,91.6735,0.707332,3581,16966
b8.22*,112,77.0321,17.4642,21.8089,35.7259,92.5657,23.3348,85.5645,0.625362,3500,15000
b8.23,112,87.9689,23.3974,6.55091,40.3113,95.8625,19.454,95.3385,0.827562,3861,19850
b8.23*,112,80.7962,13.1027,21.5236,37.3539,94.0143,19.7518,89.6913,0.937307,4440,22482
b8.24,112,83.3465,14.9208,6.47559,40.3088,98.3015,21.8073,89.9025,0.654496,3423,15699
b8.24*,112,84.593,15.0873,5.5132,38.2432,97.8726,22.2351,95.5029,0.599372,3196,14376
b8.25,112,72.5853,0.184244,48.9127,34.6415,87.4822,26.4503,84.5554,0.483613,3068,11600
b8.25*,112,68.1208,9.79921,51.393,33.4122,84.1529,27.3135,80.2401,0.498646,3266,11960
b8.26,112,78.2894,13.3314,29.2965,39.5314,92.6485,21.9312,87.5325,0.729279,3836,17492
b8.26*,112,83.0756,13.5182,22.173,40.9009,91.6346,20.5983,92.0835,0.781708,3862,18750
b8.27,112,83.6239,11.3297,30.3775,39.6864,94.2635,20.2635,92.5026,0.810366,3938,19437
b8.27*,112,81.8824,10.8106,28.0416,38.8431,93.6337,20.9424,88.6261,0.76564,3846,18365
b8.28,112,82.6362,7.82399,23.4106,40.6772,96.7769,18.4058,89.3575,1.10733,4888,26561
b8.28*,112,87.7695,1.48913,6.57023,50.9867,99.0232,18.9481,94.5031,0.899701,4089,21580
b8.29,112,86.5284,26.6755,0.806713,44.1676,95.337,20.4169,93.9249,0.739948,3623,17748
b8.29*,112,85.0298,21.4113,0.577217,43.7646,96.7067,18.2408,92.5949,1.07452,4701,25773
b8.30,112,85.417,4.6772,9.06096,38.9112,99.3762,20.305,90.6621,0.771952,3759,18516
b8.30*,112,85.7725,9.30802,10.2307,37.9339,98.5371,19.0762,94.9079,0.923236,4224,22145
b8.31,112,88.5124,17.974,1.14856,51.3136,97.9439,19.7434,95.5082,0.782009,3703,18757
b8.31*,112,85.8058,16.3274,7.5609,50.1558,97.5476,18.9116,93.1287,0.946818,4294,22710
b8.32,112,84.5009,2.88261,25.7418,38.5244,97.2716,20.2541,89.9115,0.794734,3861,19062
b8.32*,112,87.6431,3.0172,21.2542,39.9349,98.3883,19.5773,96.1266,0.81807,3841,19622
B8.5,112,83.8818,25.9979,4.76103,47.1122,93.0122,15.7739,92.7611,1.70739,6460,40954
B8.5*,112,85.195,19.6716,9.95045,41.311,94.0487,15.9129,94.5936,1.61215,6153,38669
B8.6,112,67.11,42.4158,26.5767,42.1332,69.9268,31.6918,78.0442,0.328903,2500,7889
B8.6*,112,57.2544,37.5502,35.4918,30.3393,63.1158,35.2476,65.3489,0.328458,2777,7878
