Cell pair,Developmental Stage,Average Proportional Volume (%),Difference in Propotional Volume (%),Significance Criterion A (0.05),Significance Criterion B (0.01),Significant (A),Significant (B),Difference in actual volume (um^3)
AB2, AB2*,2,50,1.6702,2.5,0.5,,1,51997
A3, B3,4,25.3264,0.6444,1.26632,0.253264,,1,18173
A3*, B3*,4,24.6737,0.661,1.233685,0.246737,,1,18639
A4.1, A4.1*,8,14.9662,0.722,0.74831,0.149662,,1,16052
a4.2, a4.2*,8,10.3594,0.2866,0.51797,0.103594,,1,6371
B4.1, B4.1*,8,13.20115,0.8651,0.6600575,0.1320115,1,1,19234
b4.2, b4.2*,8,11.4732,1.626,0.57366,0.114732,1,1,36153
A4.1, A4.1*,8,14.6944,0.3192,0.73472,0.146944,,1,7691
a4.2, a4.2*,8,10.55095,0.1113,0.5275475,0.1055095,,1,2680
B4.1, B4.1*,8,13.94685,0.4237,0.6973425,0.1394685,,1,10210
b4.2, b4.2*,8,10.8077,0.8514,0.540385,0.108077,1,1,20517
A5.1, A5.1*,16,6.550345,0.27951,0.32751725,0.06550345,,1,3488
A5.2, A5.2*,16,6.721545,0.87685,0.33607725,0.06721545,1,1,10943
a5.3, a5.3*,16,4.348715,0.13897,0.21743575,0.04348715,,1,1734
a5.4, a5.4*,16,4.93575,0.30854,0.2467875,0.0493575,1,1,3851
B5.1, B5.1*,16,11.61925,0.9623,0.5809625,0.1161925,1,1,12009
B5.2, B5.2*,16,3.932835,0.00527,0.19664175,0.03932835,,,66
b5.3, b5.3*,16,5.240305,0.47241,0.26201525,0.05240305,1,1,24326
b5.4, b5.4*,16,6.65127,0.60426,0.3325635,0.0665127,1,1,10889
A5.1, A5.1*,16,6.371905,0.11823,0.31859525,0.06371905,,1,2178
A5.2, A5.2*,16,6.46213,0.32206,0.3231065,0.0646213,,1,5933
a5.3, a5.3*,16,4.77754,0.09066,0.238877,0.0477754,,1,1670
a5.4, a5.4*,16,5.69017,0.47334,0.2845085,0.0569017,1,1,8720
B5.1, B5.1*,16,10.29874,1.36812,0.514937,0.1029874,1,1,25203
B5.2, B5.2*,16,4.33211,0.01352,0.2166055,0.0433211,,,249
b5.3, b5.3*,16,5.734295,0.35767,0.28671475,0.05734295,1,1,18347
b5.4, b5.4*,16,6.3331,0.43664,0.316655,0.063331,1,1,3715
A5.1, A5.1*,16,7.50596,0.1898,0.375298,0.0750596,,1,3904
A5.2, A5.2*,16,6.529885,0.02293,0.32649425,0.06529885,,,472
a5.3, a5.3*,16,4.54936,0.60166,0.227468,0.0454936,1,1,12376
a5.4, a5.4*,16,4.73932,0.19082,0.236966,0.0473932,,1,3925
B5.1, B5.1*,16,10.87335,0.1167,0.5436675,0.1087335,,1,2400
B5.2, B5.2*,16,4.48364,0.0082,0.224182,0.0448364,,,168
b5.3, b5.3*,16,4.998785,0.49185,0.24993925,0.04998785,1,1,27131
b5.4, b5.4*,16,6.319745,0.48789,0.31598725,0.06319745,1,1,27212
a5.3, a5.3*,24,4.40452,0.0247,0.220226,0.0440452,,,437
a5.4, a5.4*,24,4.791795,0.42815,0.23958975,0.04791795,1,1,7585
A6.1, A6.1*,24,2.553025,0.15317,0.12765125,0.02553025,1,1,2714
A6.2, A6.2*,24,3.33536,0.2301,0.166768,0.0333536,1,1,4077
A6.3, A6.3*,24,3.701625,0.17565,0.18508125,0.03701625,,1,3112
A6.4, A6.4*,24,3.811655,0.38989,0.19058275,0.03811655,1,1,6907
b5.3, b5.3*,24,5.55233,0.49772,0.2776165,0.0555233,1,1,8817
b5.4, b5.4*,24,6.15787,0.58114,0.3078935,0.0615787,1,1,10296
B6.1, B6.1*,24,4.647995,0.25493,0.23239975,0.04647995,1,1,4516
B6.2, B6.2*,24,5.79641,0.51576,0.2898205,0.0579641,1,1,9137
B6.3, B6.3*,24,1.42343,0.01812,0.0711715,0.0142343,,1,321
B6.4, B6.4*,24,3.823995,0.27693,0.19119975,0.03823995,1,1,4906
A6.1, A6.1*,32,3.055735,0.33867,0.15278675,0.03055735,1,1,5535
A6.2, A6.2*,32,2.92795,0.04236,0.1463975,0.0292795,,1,693
A6.3, A6.3*,32,3.175625,0.03797,0.15878125,0.03175625,,1,620
A6.4, A6.4*,32,3.04975,0.04464,0.1524875,0.0304975,,1,730
a6.5, a6.5*,32,2.063945,0.10535,0.10319725,0.02063945,1,1,1722
a6.6, a6.6*,32,2.76451,0.21928,0.1382255,0.0276451,1,1,3583
a6.7, a6.7*,32,2.304305,0.15009,0.11521525,0.02304305,1,1,2452
a6.8, a6.8*,32,3.33333,0.01772,0.1666665,0.0333333,,,335
B6.1, B6.1*,32,4.208935,0.00403,0.21044675,0.04208935,,,66
B6.2, B6.2*,32,5.6985,0.09722,0.284925,0.056985,,1,1589
B6.3, B6.3*,32,0.859288,0.10847,0.0429644,0.00859288,1,1,1772
B6.4, B6.4*,32,3.229075,0.13741,0.16145375,0.03229075,,1,2245
b6.5, b6.5*,32,2.85449,0.16746,0.1427245,0.0285449,1,1,2736
b6.6, b6.6*,32,3.271595,0.05979,0.16357975,0.03271595,,1,977
b6.7, b6.7*,32,3.39065,0.05596,0.1695325,0.0339065,,1,1539
b6.8, b6.8*,32,3.81232,0.13276,0.190616,0.0381232,,1,2169
A6.1, A6.1*,32,3.54251,0.33318,0.1771255,0.0354251,1,1,5833
A6.2, A6.2*,32,2.91132,0.10636,0.145566,0.0291132,,1,1862
A6.3, A6.3*,32,3.16773,0.37408,0.1583865,0.0316773,1,1,6549
A6.4, A6.4*,32,3.270505,0.01347,0.16352525,0.03270505,,,236
a6.5, a6.5*,32,2.241975,0.02475,0.11209875,0.02241975,,1,433
a6.6, a6.6*,32,2.842295,0.02557,0.14211475,0.02842295,,,448
a6.7, a6.7*,32,2.39968,0.40104,0.119984,0.0239968,1,1,7021
a6.8, a6.8*,32,3.02885,0.22618,0.1514425,0.0302885,1,1,4852
B6.1, B6.1*,32,4.448935,0.23351,0.22244675,0.04448935,1,1,4087
B6.2, B6.2*,32,5.93384,0.89194,0.296692,0.0593384,1,1,15615
B6.3, B6.3*,32,1.1264095,0.308381,0.056320475,0.011264095,1,1,5399
B6.4, B6.4*,32,3.08444,0.40404,0.154222,0.0308444,1,1,7073
b6.5, b6.5*,32,2.640315,0.02713,0.13201575,0.02640315,,1,475
b6.6, b6.6*,32,2.882095,0.07023,0.14410475,0.02882095,,1,1230
b6.7, b6.7*,32,3.16941,0.04698,0.1584705,0.0316941,,1,70
b6.8, b6.8*,32,3.309695,0.06893,0.16548475,0.03309695,,1,1206
A6.1, A6.1*,32,3.73931,0.33894,0.1869655,0.0373931,1,1,5651
A6.2, A6.2*,32,3.372895,0.12981,0.16864475,0.03372895,,1,2164
A6.3, A6.3*,32,3.50199,0.20342,0.1750995,0.0350199,1,1,3391
A6.4, A6.4*,32,3.9674,0.38968,0.19837,0.039674,1,1,6497
a6.5, a6.5*,32,1.85712,0.05958,0.092856,0.0185712,,1,993
a6.6, a6.6*,32,2.538975,0.12755,0.12694875,0.02538975,1,1,2126
a6.7, a6.7*,32,1.81529,0.16654,0.0907645,0.0181529,1,1,2776
a6.8, a6.8*,32,2.774765,0.17659,0.13873825,0.02774765,1,1,2411
B6.1, B6.1*,32,3.972225,0.45449,0.19861125,0.03972225,1,1,7578
B6.2, B6.2*,32,6.01939,0.29686,0.3009695,0.0601939,,1,4950
B6.3, B6.3*,32,0.7948555,0.161041,0.039742775,0.007948555,1,1,2685
B6.4, B6.4*,32,3.70741,0.4273,0.1853705,0.0370741,1,1,7124
b6.5, b6.5*,32,2.94483,0.3636,0.1472415,0.0294483,1,1,6062
b6.6, b6.6*,32,2.8284,0.27634,0.14142,0.028284,1,1,4607
b6.7, b6.7*,32,2.87419,0.31148,0.1437095,0.0287419,1,1,5726
b6.8, b6.8*,32,3.29095,0.26202,0.1645475,0.0329095,1,1,4368
a6.5, a6.5*,44,1.70538,0.06822,0.085269,0.0170538,,1,1594
a6.6, a6.6*,44,2.777605,0.05975,0.13888025,0.02777605,,1,1396
a6.7, a6.7*,44,2.483375,0.38015,0.12416875,0.02483375,1,1,8884
a6.8, a6.8*,44,3.180225,0.14391,0.15901125,0.03180225,,1,3363
A7.1, A7.1*,44,1.430365,0.09153,0.07151825,0.01430365,1,1,2138
A7.2, A7.2*,44,1.89932,0.29438,0.094966,0.0189932,1,1,6879
A7.3, A7.3*,44,1.448755,0.08609,0.07243775,0.01448755,1,1,2012
A7.4, A7.4*,44,1.296925,0.06761,0.06484625,0.01296925,1,1,1580
A7.5, A7.5*,44,1.72968,0.14096,0.086484,0.0172968,1,1,3294
A7.6, A7.6*,44,1.756795,0.25323,0.08783975,0.01756795,1,1,5918
A7.7, A7.7*,44,1.49471,0.07568,0.0747355,0.0149471,1,1,1769
A7.8, A7.8*,44,1.686945,0.05105,0.08434725,0.01686945,,1,1193
B6.3, B6.3*,44,0.9685255,0.058465,0.048426275,0.009685255,1,1,1366
B6.4, B6.4*,44,3.26286,0.066,0.163143,0.0326286,,1,1542
b6.5, b6.5*,44,2.895765,0.66155,0.14478825,0.02895765,1,1,15460
b6.6, b6.6*,44,2.66012,0.2355,0.133006,0.0266012,1,1,5504
b6.7, b6.7*,44,2.949335,0.25275,0.14746675,0.02949335,1,1,5907
b6.8, b6.8*,44,3.340425,0.20003,0.16702125,0.03340425,1,1,4674
B7.1, B7.1*,44,1.903505,0.40393,0.09517525,0.01903505,1,1,9440
B7.2, B7.2*,44,2.186875,0.12199,0.10934375,0.02186875,1,1,2851
B7.3, B7.3*,44,2.80451,0.42008,0.1402255,0.0280451,1,1,9817
B7.4, B7.4*,44,4.137995,0.27899,0.20689975,0.04137995,1,1,6520
a6.5, a6.5*,44,2.01172,0.1504,0.100586,0.0201172,1,1,2943
a6.6, a6.6*,44,2.6694,0.25974,0.13347,0.026694,1,1,5083
a6.7, a6.7*,44,2.287805,0.15819,0.11439025,0.02287805,1,1,3096
a6.8, a6.8*,44,3.00432,0.02644,0.150216,0.0300432,,,517
A7.1, A7.1*,44,1.51923,0.25608,0.0759615,0.0151923,1,1,5011
A7.2, A7.2*,44,1.52873,0.19784,0.0764365,0.0152873,1,1,3872
A7.3, A7.3*,44,1.51971,0.27694,0.0759855,0.0151971,1,1,5420
A7.4, A7.4*,44,1.70558,0.02366,0.085279,0.0170558,,1,463
A7.5, A7.5*,44,1.465135,0.02069,0.07325675,0.01465135,,1,405
A7.6, A7.6*,44,1.811675,0.13187,0.09058375,0.01811675,1,1,2581
A7.7, A7.7*,44,1.45443,0.00036,0.0727215,0.0145443,,,7
A7.8, A7.8*,44,1.85363,0.40778,0.0926815,0.0185363,1,1,7981
B6.3, B6.3*,44,1.043705,0.08001,0.05218525,0.01043705,1,1,1566
B6.4, B6.4*,44,3.49591,0.11454,0.1747955,0.0349591,,1,2242
b6.5, b6.5*,44,2.887805,0.19115,0.14439025,0.02887805,1,1,3741
b6.6, b6.6*,44,2.29114,0.17896,0.114557,0.0229114,1,1,3502
b6.7, b6.7*,44,2.60269,0.65328,0.1301345,0.0260269,1,1,12785
b6.8, b6.8*,44,3.876875,0.13481,0.19384375,0.03876875,,1,2639
B7.1, B7.1*,44,1.72618,0.06956,0.086309,0.0172618,,1,1361
B7.2, B7.2*,44,2.13437,0.06314,0.1067185,0.0213437,,1,1236
B7.3, B7.3*,44,2.68272,0.23568,0.134136,0.0268272,1,1,4613
B7.4, B7.4*,44,4.42725,0.53446,0.2213625,0.0442725,1,1,10459
A7.1, A7.1*,64,1.2501685,1.775563,0.062508425,0.012501685,1,1,23410
a7.10, a7.10*,64,0.615851,0.309826,0.03079255,0.00615851,1,1,4085
a7.11, a7.11*,64,2.55277,0.18326,0.1276385,0.0255277,1,1,2416
a7.12, a7.12*,64,2.765565,0.47495,0.13827825,0.02765565,1,1,6263
a7.13, a7.13*,64,2.07734,0.21384,0.103867,0.0207734,1,1,2820
a7.14, a7.14*,64,2.37711,0.16258,0.1188555,0.0237711,1,1,2143
a7.15, a7.15*,64,2.89284,0.28102,0.144642,0.0289284,1,1,3705
a7.16, a7.16*,64,2.65462,0.1522,0.132731,0.0265462,1,1,2007
A7.2, A7.2*,64,1.162419,1.266662,0.05812095,0.01162419,1,1,16700
A7.3, A7.3*,64,0.954816,0.896748,0.0477408,0.00954816,1,1,11824
A7.4, A7.4*,64,0.8715685,0.716983,0.043578425,0.008715685,1,1,9454
A7.5, A7.5*,64,0.5440485,0.638237,0.027202425,0.005440485,1,1,8415
A7.6, A7.6*,64,0.6852025,0.075591,0.034260125,0.006852025,1,1,996
A7.7, A7.7*,64,0.491243,0.319994,0.02456215,0.00491243,1,1,4219
A7.8, A7.8*,64,0.8573695,0.683801,0.042868475,0.008573695,1,1,9016
a7.9, a7.9*,64,0.290004,0.345584,0.0145002,0.00290004,1,1,4556
B7.1, B7.1*,64,1.783185,0.20959,0.08915925,0.01783185,1,1,2764
b7.10, b7.10*,64,1.8304815,2.701377,0.091524075,0.018304815,1,1,35617
b7.11, b7.11*,64,1.3434075,1.240005,0.067170375,0.013434075,1,1,16349
b7.12, b7.12*,64,1.734525,1.16047,0.08672625,0.01734525,1,1,15301
b7.13, b7.13*,64,2.710735,0.75603,0.13553675,0.02710735,1,1,9969
b7.14, b7.14*,64,2.640125,0.28477,0.13200625,0.02640125,1,1,3755
b7.15, b7.15*,64,2.706795,0.63429,0.13533975,0.02706795,1,1,8363
b7.16, b7.16*,64,1.3554575,1.707285,0.067772875,0.013554575,1,1,22511
B7.2, B7.2*,64,1.48027,0.73802,0.0740135,0.0148027,1,1,9730
B7.3, B7.3*,64,0.6120415,1.022657,0.030602075,0.006120415,1,1,13484
B7.4, B7.4*,64,1.79525,1.18298,0.0897625,0.0179525,1,1,15598
B7.5, B7.5*,64,1.024558,0.076564,0.0512279,0.01024558,1,1,1009
B7.6, B7.6*,64,0.09644415,0.1597297,0.004822208,0.000964442,1,1,2106
B7.7, B7.7*,64,1.823785,0.07757,0.09118925,0.01823785,,1,1023
B7.8, B7.8*,64,2.670895,0.17105,0.13354475,0.02670895,1,1,2255
b7.9, b7.9*,64,1.34912,0.83614,0.067456,0.0134912,1,1,11025
A7.1, A7.1*,76,1.61561,0.0488,0.0807805,0.0161561,,1,1319
a7.10, a7.10*,76,1.037264,0.277892,0.0518632,0.01037264,1,1,7509
a7.11, a7.11*,76,1.384295,0.15419,0.06921475,0.01384295,1,1,4166
a7.12, a7.12*,76,1.90779,0.26432,0.0953895,0.0190779,1,1,7141
a7.13, a7.13*,76,0.865357,0.077044,0.04326785,0.00865357,1,1,2082
a7.14, a7.14*,76,1.422475,0.12493,0.07112375,0.01422475,1,1,3375
a7.15, a7.15*,76,1.416495,0.25829,0.07082475,0.01416495,1,1,6979
a7.16, a7.16*,76,1.532775,0.20381,0.07663875,0.01532775,1,1,5507
A7.2, A7.2*,76,2.02637,0.15482,0.1013185,0.0202637,1,1,4183
A7.5, A7.5*,76,1.917675,0.02975,0.09588375,0.01917675,,1,804
A7.6, A7.6*,76,1.553755,0.20671,0.07768775,0.01553755,1,1,5585
a7.9, a7.9*,76,0.997973,0.100074,0.04989865,0.00997973,1,1,2704
A8.13, A8.13*,76,0.6737915,0.169877,0.033689575,0.006737915,1,1,4590
A8.14, A8.14*,76,0.967182,0.05988,0.0483591,0.00967182,1,1,1618
A8.15, A8.15*,76,0.812505,0.013678,0.04062525,0.00812505,,1,370
A8.16, A8.16*,76,0.90799,0.00927,0.0453995,0.0090799,,1,250
A8.5, A8.5*,76,0.8436525,0.115145,0.042182625,0.008436525,1,1,3111
A8.6, A8.6*,76,0.7907795,0.064377,0.039538975,0.007907795,1,1,1740
A8.7, A8.7*,76,0.8424625,0.153279,0.042123125,0.008424625,1,1,4141
A8.8, A8.8*,76,0.8264975,0.034011,0.041324875,0.008264975,,1,919
B7.1, B7.1*,76,2.18183,0.24968,0.1090915,0.0218183,1,1,6746
b7.10, b7.10*,76,0.930754,0.160652,0.0465377,0.00930754,1,1,4340
b7.11, b7.11*,76,1.251735,0.18467,0.06258675,0.01251735,1,1,4989
b7.12, b7.12*,76,1.565445,0.11083,0.07827225,0.01565445,1,1,2994
b7.13, b7.13*,76,1.236455,0.07301,0.06182275,0.01236455,1,1,1973
b7.14, b7.14*,76,1.765345,0.00691,0.08826725,0.01765345,,,186
b7.15, b7.15*,76,1.485285,0.11019,0.07426425,0.01485285,1,1,2977
b7.16, b7.16*,76,1.572955,0.19167,0.07864775,0.01572955,1,1,5178
B7.2, B7.2*,76,2.36331,0.1304,0.1181655,0.0236331,1,1,3524
B7.5, B7.5*,76,0.6092595,0.039649,0.030462975,0.006092595,1,1,1071
B7.6, B7.6*,76,0.537664,0.030724,0.0268832,0.00537664,1,1,830
B7.7, B7.7*,76,1.695165,0.01517,0.08475825,0.01695165,,,410
B7.8, B7.8*,76,1.629005,0.10925,0.08145025,0.01629005,1,1,2951
b7.9, b7.9*,76,1.603385,0.13175,0.08016925,0.01603385,1,1,3560
B8.5, B8.5*,76,2.003325,0.07953,0.10016625,0.02003325,,1,2149
B8.6, B8.6*,76,0.2733305,0.119341,0.013666525,0.002733305,1,1,3225
B8.7, B8.7*,76,1.479395,0.02627,0.07396975,0.01479395,,1,710
B8.8, B8.8*,76,1.473665,0.14809,0.07368325,0.01473665,1,1,4001
A7.1, A7.1*,112,1.64289,0.11296,0.0821445,0.0164289,1,1,2243
A7.2, A7.2*,112,2.132155,0.11517,0.10660775,0.02132155,1,1,2287
A7.5, A7.5*,112,1.917695,0.08399,0.09588475,0.01917695,,1,1668
A8.11, A8.11*,112,0.8190285,0.062395,0.040951425,0.008190285,1,1,1239
A8.12, A8.12*,112,0.335826,0.011876,0.0167913,0.00335826,,1,236
A8.13, A8.13*,112,0.828457,0.063596,0.04142285,0.00828457,1,1,1263
A8.14, A8.14*,112,0.8074525,0.029309,0.040372625,0.008074525,,1,582
A8.15, A8.15*,112,0.7838535,0.061511,0.039192675,0.007838535,1,1,1222
A8.16, A8.16*,112,1.0037145,0.036631,0.050185725,0.010037145,,1,727
a8.17, a8.17*,112,0.367558,0.087404,0.0183779,0.00367558,1,1,1736
a8.18, a8.18*,112,0.5548545,0.088733,0.027742725,0.005548545,1,1,1762
a8.19, a8.19*,112,0.388537,0.052298,0.01942685,0.00388537,1,1,1038
a8.20, a8.20*,112,0.5460595,0.015507,0.027302975,0.005460595,,1,308
a8.21, a8.21*,112,0.602327,0.039042,0.03011635,0.00602327,1,1,775
a8.22, a8.22*,112,0.6144345,0.051729,0.030721725,0.006144345,1,1,1027
a8.23, a8.23*,112,0.742407,0.145366,0.03712035,0.00742407,1,1,2886
a8.24, a8.24*,112,0.836347,0.251702,0.04181735,0.00836347,1,1,4998
a8.25, a8.25*,112,0.3560865,0.036501,0.017804325,0.003560865,1,1,725
a8.26, a8.26*,112,0.5222775,0.157815,0.026113875,0.005222775,1,1,3133
a8.27, a8.27*,112,0.6233605,0.063245,0.031168025,0.006233605,1,1,1256
a8.28, a8.28*,112,0.707729,0.049402,0.03538645,0.00707729,1,1,981
a8.29, a8.29*,112,0.664611,0.100806,0.03323055,0.00664611,1,1,2002
a8.30, a8.30*,112,0.68441,0.115392,0.0342205,0.0068441,1,1,2292
a8.31, a8.31*,112,0.6909965,0.270347,0.034549825,0.006909965,1,1,5368
a8.32, a8.32*,112,0.797935,0.199148,0.03989675,0.00797935,1,1,3955
A8.5, A8.5*,112,0.8662255,0.032111,0.043311275,0.008662255,,1,637
A8.6, A8.6*,112,0.835006,0.066108,0.0417503,0.00835006,1,1,1313
A8.7, A8.7*,112,0.8112435,0.051479,0.040562175,0.008112435,1,1,1022
A8.8, A8.8*,112,0.7935265,0.048481,0.039676325,0.007935265,1,1,962
B7.1, B7.1*,112,2.20419,0.2857,0.1102095,0.0220419,1,1,5673
B7.2, B7.2*,112,2.31458,0.02894,0.115729,0.0231458,,1,575
B7.5, B7.5*,112,1.19251,0.08864,0.0596255,0.0119251,1,1,1760
B7.6, B7.6*,112,0.143773,0.033116,0.00718865,0.00143773,1,1,657
B7.7, B7.7*,112,1.49296,0.33098,0.074648,0.0149296,1,1,6572
B8.15, B8.15*,112,0.6883165,0.051783,0.034415825,0.006883165,1,1,1028
B8.16, B8.16*,112,0.6409475,0.081585,0.032047375,0.006409475,1,1,1620
b8.17, b8.17*,112,0.7358605,0.012445,0.036793025,0.007358605,,1,247
b8.18, b8.18*,112,0.790282,0.051166,0.0395141,0.00790282,1,1,1017
b8.19, b8.19*,112,0.3715025,0.065997,0.018575125,0.003715025,1,1,1311
b8.20, b8.20*,112,0.7636565,0.011477,0.038182825,0.007636565,,1,228
b8.21, b8.21*,112,0.470785,0.005014,0.02353925,0.00470785,,1,100
b8.22, b8.22*,112,0.9087985,0.101035,0.045439925,0.009087985,1,1,2006
b8.23, b8.23*,112,0.8742595,0.018301,0.043712975,0.008742595,,1,364
b8.24, b8.24*,112,0.76401,0.217832,0.0382005,0.0076401,1,1,4326
b8.25, b8.25*,112,0.5034875,0.027613,0.025174375,0.005034875,1,1,549
b8.26, b8.26*,112,0.81714,0.012502,0.040857,0.0081714,,1,248
b8.27, b8.27*,112,0.8059185,0.037335,0.040295925,0.008059185,,1,742
b8.28, b8.28*,112,0.9337485,0.124457,0.046687425,0.009337485,1,1,2471
b8.29, b8.29*,112,0.892105,0.037752,0.04460525,0.00892105,,1,749
b8.30, b8.30*,112,0.7588695,0.072003,0.037943475,0.007588695,1,1,1430
b8.31, b8.31*,112,0.896498,0.019612,0.0448249,0.00896498,,1,389
b8.32, b8.32*,112,0.882032,0.088158,0.0441016,0.00882032,1,1,1751
B8.5, B8.5*,112,2.21117,0.22606,0.1105585,0.0221117,1,1,4489
B8.6, B8.6*,112,0.443177,0.14054,0.02215885,0.00443177,1,1,2791
B8.7, B8.7*,112,1.44964,0.12364,0.072482,0.0144964,1,1,2455
B8.8, B8.8*,112,1.772775,0.15697,0.08863875,0.01772775,1,1,3117
A7.1, A7.1*,112,1.81818,0.28902,0.090909,0.0181818,1,1,6078
A7.2, A7.2*,112,1.78747,0.08744,0.0893735,0.0178747,,1,1838
A7.5, A7.5*,112,1.748495,0.33633,0.08742475,0.01748495,1,1,7073
A8.11, A8.11*,112,1.065114,0.139352,0.0532557,0.01065114,1,1,2930
A8.12, A8.12*,112,0.4888005,0.053639,0.024440025,0.004888005,1,1,1129
A8.13, A8.13*,112,0.726187,0.144516,0.03630935,0.00726187,1,1,3040
A8.14, A8.14*,112,0.762635,0.030518,0.03813175,0.00762635,,1,641
A8.15, A8.15*,112,0.7604755,0.047329,0.038023775,0.007604755,1,1,996
A8.16, A8.16*,112,1.0261895,0.084921,0.051309475,0.010261895,1,1,1786
a8.17, a8.17*,112,0.456008,0.048954,0.0228004,0.00456008,1,1,1030
a8.18, a8.18*,112,0.570704,0.10876,0.0285352,0.00570704,1,1,2288
a8.19, a8.19*,112,0.4558745,0.081339,0.022793725,0.004558745,1,1,1710
a8.20, a8.20*,112,0.553224,0.024984,0.0276612,0.00553224,,1,525
a8.21, a8.21*,112,0.540343,0.050146,0.02701715,0.00540343,1,1,1055
a8.22, a8.22*,112,0.562293,0.033572,0.02811465,0.00562293,1,1,706
a8.23, a8.23*,112,0.908956,0.060308,0.0454478,0.00908956,1,1,1268
a8.24, a8.24*,112,0.8720165,0.123547,0.043600825,0.008720165,1,1,2598
a8.25, a8.25*,112,0.460557,0.029028,0.02302785,0.00460557,1,1,611
a8.26, a8.26*,112,0.4677355,0.101773,0.023386775,0.004677355,1,1,2141
a8.27, a8.27*,112,0.6437215,0.074329,0.032186075,0.006437215,1,1,1563
a8.28, a8.28*,112,0.701866,0.144378,0.0350933,0.00701866,1,1,3037
a8.29, a8.29*,112,0.8294215,0.129927,0.041471075,0.008294215,1,1,2732
a8.30, a8.30*,112,0.8724355,0.076443,0.043621775,0.008724355,1,1,1608
a8.31, a8.31*,112,0.807632,0.002468,0.0403816,0.00807632,,,52
a8.32, a8.32*,112,0.882268,0.151674,0.0441134,0.00882268,1,1,3190
A8.5, A8.5*,112,0.810896,0.169064,0.0405448,0.00810896,1,1,3555
A8.6, A8.6*,112,0.788431,0.166732,0.03942155,0.00788431,1,1,3506
A8.7, A8.7*,112,0.996477,0.153306,0.04982385,0.00996477,1,1,3225
A8.8, A8.8*,112,0.9477925,0.000437,0.047389625,0.009477925,,,9
B7.1, B7.1*,112,1.647525,0.19307,0.08237625,0.01647525,1,1,4060
B7.2, B7.2*,112,1.845705,0.47675,0.09228525,0.01845705,1,1,10027
B7.5, B7.5*,112,0.8635815,0.191985,0.043179075,0.008635815,1,1,4037
B7.6, B7.6*,112,0.118181,0.022264,0.00590905,0.00118181,1,1,468
B7.7, B7.7*,112,1.65439,0.20562,0.0827195,0.0165439,1,1,4324
B8.15, B8.15*,112,0.8283735,0.026413,0.041418675,0.008283735,,1,556
B8.16, B8.16*,112,0.794297,0.10265,0.03971485,0.00794297,1,1,2159
b8.17, b8.17*,112,0.6114045,0.105903,0.030570225,0.006114045,1,1,2228
b8.18, b8.18*,112,0.858639,0.267554,0.04293195,0.00858639,1,1,5627
b8.19, b8.19*,112,0.3868015,0.201621,0.019340075,0.003868015,1,1,4241
b8.20, b8.20*,112,0.782796,0.033948,0.0391398,0.00782796,,1,714
b8.21, b8.21*,112,0.422013,0.021496,0.02110065,0.00422013,1,1,452
b8.22, b8.22*,112,0.6581895,0.106639,0.032909475,0.006581895,1,1,2242
b8.23, b8.23*,112,0.789659,0.046718,0.03948295,0.00789659,1,1,982
b8.24, b8.24*,112,0.6907505,0.185975,0.034537525,0.006907505,1,1,3911
b8.25, b8.25*,112,0.4395775,0.049235,0.021978875,0.004395775,1,1,1035
b8.26, b8.26*,112,0.878081,0.111184,0.04390405,0.00878081,1,1,2339
b8.27, b8.27*,112,0.7233365,0.047287,0.036166825,0.007233365,1,1,994
b8.28, b8.28*,112,0.923936,0.013036,0.0461968,0.00923936,,1,274
b8.29, b8.29*,112,0.890224,0.02035,0.0445112,0.00890224,,1,428
b8.30, b8.30*,112,0.8913965,0.118101,0.044569825,0.008913965,1,1,2483
b8.31, b8.31*,112,0.8854525,0.036707,0.044272625,0.008854525,,1,772
b8.32, b8.32*,112,1.018495,0.00167,0.05092475,0.01018495,,,35
B8.5, B8.5*,112,2.38241,0.02578,0.1191205,0.0238241,,1,542
B8.6, B8.6*,112,0.3658035,0.075655,0.018290175,0.003658035,1,1,1591
B8.7, B8.7*,112,1.649405,0.03899,0.08247025,0.01649405,,1,820
B8.8, B8.8*,112,1.687385,0.04415,0.08436925,0.01687385,,1,928
A7.1, A7.1*,112,1.724495,0.09731,0.08622475,0.01724495,1,1,1823
A7.2, A7.2*,112,2.126325,0.19867,0.10631625,0.02126325,1,1,3723
A7.5, A7.5*,112,1.89754,0.10372,0.094877,0.0189754,1,1,1943
A8.11, A8.11*,112,1.0567885,0.327283,0.052839425,0.010567885,1,1,6134
A8.12, A8.12*,112,0.6776855,0.115395,0.033884275,0.006776855,1,1,2162
A8.13, A8.13*,112,0.8854995,0.013127,0.044274975,0.008854995,,1,246
A8.14, A8.14*,112,0.5720655,0.427199,0.028603275,0.005720655,1,1,8006
A8.15, A8.15*,112,0.7156515,0.006377,0.035782575,0.007156515,,,119
A8.16, A8.16*,112,0.960112,0.126196,0.0480056,0.00960112,1,1,2365
a8.17, a8.17*,112,0.3076225,0.076381,0.015381125,0.003076225,1,1,1431
a8.18, a8.18*,112,0.4703815,0.032851,0.023519075,0.004703815,1,1,616
a8.19, a8.19*,112,0.337749,0.007096,0.01688745,0.00337749,,1,133
a8.20, a8.20*,112,0.5320975,0.207913,0.026604875,0.005320975,1,1,3897
a8.21, a8.21*,112,0.611506,0.044676,0.0305753,0.00611506,1,1,837
a8.22, a8.22*,112,0.517431,0.063088,0.02587155,0.00517431,1,1,1182
a8.23, a8.23*,112,0.824884,0.07076,0.0412442,0.00824884,1,1,1326
a8.24, a8.24*,112,0.735788,0.093024,0.0367894,0.00735788,1,1,1744
a8.25, a8.25*,112,0.322276,0.031196,0.0161138,0.00322276,1,1,585
a8.26, a8.26*,112,0.7584935,0.389241,0.037924675,0.007584935,1,1,7295
a8.27, a8.27*,112,0.7181285,0.099655,0.035906425,0.007181285,1,1,1868
a8.28, a8.28*,112,0.7236875,0.041125,0.036184375,0.007236875,1,1,771
a8.29, a8.29*,112,0.858699,0.12155,0.04293495,0.00858699,1,1,2278
a8.30, a8.30*,112,0.8471635,0.010119,0.042358175,0.008471635,,1,190
a8.31, a8.31*,112,1.0085235,0.092133,0.050426175,0.010085235,1,1,1727
a8.32, a8.32*,112,0.994432,0.264016,0.0497216,0.00994432,1,1,4948
A8.5, A8.5*,112,0.7679295,0.207033,0.038396475,0.007679295,1,1,3880
A8.6, A8.6*,112,0.8107505,0.131961,0.040537525,0.008107505,1,1,2473
A8.7, A8.7*,112,0.7435405,0.116645,0.037177025,0.007435405,1,1,2186
A8.8, A8.8*,112,0.6654385,0.020291,0.033271925,0.006654385,,1,381
B7.1, B7.1*,112,1.90502,0.05352,0.095251,0.0190502,,1,1003
B7.2, B7.2*,112,2.48758,0.0089,0.124379,0.0248758,,,167
B7.5, B7.5*,112,1.091135,0.09137,0.05455675,0.01091135,1,1,1713
B7.6, B7.6*,112,0.1101745,0.013035,0.005508725,0.001101745,1,1,244
B7.7, B7.7*,112,1.85678,0.33944,0.092839,0.0185678,1,1,6361
B8.15, B8.15*,112,0.8575525,0.020223,0.042877625,0.008575525,,1,379
B8.16, B8.16*,112,0.7654495,0.160195,0.038272475,0.007654495,1,1,3002
b8.17, b8.17*,112,0.588548,0.022628,0.0294274,0.00588548,,1,425
b8.18, b8.18*,112,0.592714,0.128526,0.0296357,0.00592714,1,1,2409
b8.19, b8.19*,112,0.2332635,0.008849,0.011663175,0.002332635,,1,166
b8.20, b8.20*,112,0.495527,0.181106,0.02477635,0.00495527,1,1,3394
b8.21, b8.21*,112,0.3121595,0.221995,0.015607975,0.003121595,1,1,4161
b8.22, b8.22*,112,0.6091385,0.054349,0.030456925,0.006091385,1,1,1019
b8.23, b8.23*,112,1.1003625,0.288855,0.055018125,0.011003625,1,1,5413
b8.24, b8.24*,112,0.865346,0.107792,0.0432673,0.00865346,1,1,2020
b8.25, b8.25*,112,0.3967315,0.139843,0.019836575,0.003967315,1,1,2621
b8.26, b8.26*,112,0.732448,0.197818,0.0366224,0.00732448,1,1,3707
b8.27, b8.27*,112,0.7049755,0.035541,0.035248775,0.007049755,1,1,667
b8.28, b8.28*,112,0.836507,0.320324,0.04182535,0.00836507,1,1,6003
b8.29, b8.29*,112,0.741208,0.13541,0.0370604,0.00741208,1,1,2537
b8.30, b8.30*,112,0.709214,0.098078,0.0354607,0.00709214,1,1,1838
b8.31, b8.31*,112,1.113135,0.06509,0.05565675,0.01113135,1,1,1220
b8.32, b8.32*,112,0.9582605,0.216059,0.047913025,0.009582605,1,1,4049
B8.5, B8.5*,112,1.587395,0.47975,0.07936975,0.01587395,1,1,8992
B8.6, B8.6*,112,0.363263,0.003726,0.01816315,0.00363263,,1,69
B8.7, B8.7*,112,1.73449,0.08406,0.0867245,0.0173449,,1,1575
B8.8, B8.8*,112,2.07894,0.0663,0.103947,0.0207894,,1,1242
A8.11, A8.11*,112,1.14653,0.06084,0.0573265,0.0114653,1,1,1459
A8.12, A8.12*,112,0.458723,0.102482,0.02293615,0.00458723,1,1,2458
A8.13, A8.13*,112,0.8071245,0.220875,0.040356225,0.008071245,1,1,5298
A8.14, A8.14*,112,0.783967,0.077594,0.03919835,0.00783967,1,1,1861
A8.15, A8.15*,112,0.861018,0.2409,0.0430509,0.00861018,1,1,5779
A8.16, A8.16*,112,1.062953,0.196754,0.05314765,0.01062953,1,1,4720
a8.17, a8.17*,112,0.441397,0.097226,0.02206985,0.00441397,1,1,2332
a8.18, a8.18*,112,0.5937275,0.164737,0.029686375,0.005937275,1,1,3952
a8.19, a8.19*,112,0.4903275,0.029059,0.024516375,0.004903275,1,1,697
a8.20, a8.20*,112,0.5185715,0.024125,0.025928575,0.005185715,,1,579
a8.21, a8.21*,112,0.609882,0.08454,0.0304941,0.00609882,1,1,2027
a8.22, a8.22*,112,0.6694935,0.029049,0.033474675,0.006694935,,1,697
a8.23, a8.23*,112,0.8440445,0.002245,0.042202225,0.008440445,,,54
a8.24, a8.24*,112,0.8598125,0.048589,0.042990625,0.008598125,1,1,1165
a8.25, a8.25*,112,0.3575665,0.113521,0.017878325,0.003575665,1,1,2723
a8.26, a8.26*,112,0.6079885,0.184057,0.030399425,0.006079885,1,1,4414
a8.27, a8.27*,112,0.685054,0.024056,0.0342527,0.00685054,,1,577
a8.28, a8.28*,112,0.7235805,0.019051,0.036179025,0.007235805,,1,457
a8.29, a8.29*,112,0.7731085,0.047859,0.038655425,0.007731085,1,1,1148
a8.30, a8.30*,112,0.790333,0.040346,0.03951665,0.00790333,1,1,968
a8.31, a8.31*,112,0.6766,0.05813,0.03383,0.006766,1,1,1394
a8.32, a8.32*,112,0.6643535,0.063883,0.033217675,0.006643535,1,1,1532
A8.5, A8.5*,112,0.9671385,0.244243,0.048356925,0.009671385,1,1,5858
A8.6, A8.6*,112,0.904494,0.229872,0.0452247,0.00904494,1,1,5514
A8.7, A8.7*,112,1.037175,0.07241,0.05185875,0.01037175,1,1,1737
A8.8, A8.8*,112,0.9248335,0.033695,0.046241675,0.009248335,,1,808
B7.5, B7.5*,112,0.961702,0.060796,0.0480851,0.00961702,1,1,1459
B7.6, B7.6*,112,0.09501295,0.0391421,0.004750648,0.00095013,1,1,939
B8.15, B8.15*,112,0.8317965,0.037809,0.041589825,0.008317965,,1,907
B8.16, B8.16*,112,0.9168655,0.005987,0.045843275,0.009168655,,,144
b8.17, b8.17*,112,0.759388,0.16117,0.0379694,0.00759388,1,1,3866
b8.18, b8.18*,112,1.0023285,0.011503,0.050116425,0.010023285,,1,276
b8.19, b8.19*,112,0.3136755,0.090495,0.015683775,0.003136755,1,1,2171
b8.20, b8.20*,112,0.6910365,0.080347,0.034551825,0.006910365,1,1,1928
b8.21, b8.21*,112,0.425432,0.081366,0.0212716,0.00425432,1,1,1952
b8.22, b8.22*,112,0.666347,0.08197,0.03331735,0.00666347,1,1,1966
b8.23, b8.23*,112,0.8824345,0.109745,0.044121725,0.008824345,1,1,2632
b8.24, b8.24*,112,0.626934,0.055124,0.0313467,0.00626934,1,1,1323
b8.25, b8.25*,112,0.4911295,0.015033,0.024556475,0.004911295,,1,360
b8.26, b8.26*,112,0.7554935,0.052429,0.037774675,0.007554935,1,1,1258
b8.27, b8.27*,112,0.788003,0.044726,0.03940015,0.00788003,1,1,1072
b8.28, b8.28*,112,1.0035155,0.207629,0.050175775,0.010035155,1,1,4981
b8.29, b8.29*,112,0.907234,0.334572,0.0453617,0.00907234,1,1,8025
b8.30, b8.30*,112,0.847594,0.151284,0.0423797,0.00847594,1,1,3629
b8.31, b8.31*,112,0.8644135,0.164809,0.043220675,0.008644135,1,1,3953
b8.32, b8.32*,112,0.806402,0.023336,0.0403201,0.00806402,,1,560
B8.5, B8.5*,112,1.65977,0.09524,0.0829885,0.0165977,1,1,2285
B8.6, B8.6*,112,0.3286805,0.000445,0.016434025,0.003286805,,,11
